manga_id,genre
30002,Action
30002,Adventure
30002,Drama
30002,Fantasy
30002,Horror
30002,Psychological
31706,Action
31706,Adventure
31706,Drama
31706,Mystery
31706,Supernatural
30656,Action
30656,Adventure
30656,Drama
30013,Action
30013,Adventure
30013,Comedy
30013,Fantasy
64053,Drama
64053,Fantasy
64053,Mystery
64053,Supernatural
30001,Drama
30001,Mystery
30001,Psychological
30001,Thriller
30642,Action
30642,Adventure
30642,Drama
30051,Comedy
30051,Drama
30051,Sports
74489,Action
74489,Drama
74489,Fantasy
74489,Mystery
74489,Psychological
74489,Sci-Fi
30025,Action
30025,Adventure
30025,Comedy
30025,Drama
30025,Fantasy
110992,Drama
110992,Horror
110992,Mystery
110992,Supernatural
30657,Drama
30657,Psychological
30657,Sports
140407,Adventure
140407,Comedy
140407,Fantasy
46765,Action
46765,Drama
65243,Comedy
65243,Drama
65243,Sports
113869,Fantasy
113869,Slice of Life
87395,Comedy
87395,Romance
87395,Slice of Life
87395,Sports
31303,Drama
31303,Slice of Life
31303,Sports
30104,Comedy
30104,Slice of Life
135129,Action
135129,Drama
135129,Psychological
98361,Drama
98361,Psychological
98361,Romance
98361,Slice of Life
98361,Supernatural
143701,Action
143701,Mystery
143701,Romance
143701,Supernatural
30028,Drama
30028,Music
30028,Romance
30028,Slice of Life
143726,Action
143726,Comedy
143726,Drama
143726,Psychological
143726,Supernatural
53751,Comedy
53751,Mystery
53751,Psychological
53751,Romance
53751,Supernatural
34632,Drama
34632,Psychological
34632,Slice of Life
98610,Action
98610,Drama
98610,Mecha
98610,Sci-Fi
30003,Drama
30003,Mystery
30003,Psychological
30003,Sci-Fi
30003,Thriller
140475,Comedy
140475,Drama
140475,Romance
30026,Action
30026,Adventure
30026,Comedy
30026,Fantasy
86635,Comedy
86635,Psychological
86635,Romance
86635,Slice of Life
86082,Adventure
86082,Comedy
86082,Drama
86082,Fantasy
85470,Adventure
85470,Drama
85470,Ecchi
85470,Fantasy
31224,Drama
31224,Slice of Life
85737,Action
85737,Adventure
85737,Drama
85737,Fantasy
85737,Psychological
85737,Romance
85737,Thriller
75143,Drama
75143,Music
75143,Romance
53900,Drama
53900,Mystery
53900,Psychological
53900,Supernatural
53900,Thriller
44893,Action
44893,Mystery
44893,Romance
44893,Supernatural
143838,Comedy
143838,Mystery
143838,Psychological
37375,Adventure
37375,Drama
37375,Psychological
37375,Sports
110802,Fantasy
110802,Slice of Life
85135,Drama
85135,Romance
85135,Slice of Life
118586,Adventure
118586,Drama
118586,Fantasy
30007,Action
30007,Comedy
30007,Drama
30007,Sports
116170,Romance
116170,Slice of Life
51525,Action
51525,Adventure
51525,Drama
51525,Fantasy
51525,Romance
118371,Drama
118371,Psychological
118371,Sports
112275,Adventure
112275,Drama
112275,Fantasy
112275,Romance
143747,Drama
143747,Mystery
143747,Psychological
143747,Romance
143747,Supernatural
39115,Adventure
39115,Drama
39115,Fantasy
39115,Romance
39115,Supernatural
143841,Drama
143841,Mystery
143841,Psychological
143841,Thriller
99026,Drama
99026,Mystery
30336,Action
30336,Comedy
30336,Drama
30336,Ecchi
89278,Drama
89278,Psychological
89278,Thriller
43245,Drama
43245,Romance
43245,Sports
30081,Adventure
30081,Comedy
30081,Drama
30081,Fantasy
30081,Sci-Fi
30081,Slice of Life
30044,Action
30044,Comedy
30044,Drama
30044,Sci-Fi
117620,Drama
117620,Psychological
117620,Romance
98263,Adventure
98263,Drama
98263,Fantasy
86559,Action
86559,Adventure
86559,Comedy
86559,Drama
187189,Action
187189,Adventure
187189,Fantasy
187189,Slice of Life
107279,Sports
85412,Adventure
85412,Sci-Fi
85412,Slice of Life
119247,Drama
119247,Sports
94970,Drama
94970,Psychological
94970,Slice of Life
94970,Thriller
31133,Action
31133,Adventure
31133,Comedy
31133,Fantasy
31133,Horror
31133,Mystery
130080,Action
130080,Drama
130080,Mystery
130080,Supernatural
30145,Comedy
30145,Drama
30145,Music
30145,Romance
30145,Slice of Life
115166,Drama
115166,Psychological
115166,Thriller
109285,Comedy
109285,Romance
109285,Slice of Life
44483,Sci-Fi
44483,Slice of Life
39982,Action
39982,Psychological
39982,Thriller
119257,Action
119257,Adventure
119257,Fantasy
107237,Drama
107237,Slice of Life
106331,Drama
106331,Slice of Life
97553,Drama
97553,Psychological
97553,Romance
97553,Supernatural
54875,Action
54875,Comedy
54875,Fantasy
54875,Sci-Fi
30004,Sci-Fi
30004,Slice of Life
110801,Fantasy
110801,Slice of Life
86218,Drama
86218,Romance
86218,Slice of Life
187944,Drama
187944,Romance
174875,Drama
174875,Psychological
174875,Romance
110800,Fantasy
110800,Slice of Life
92936,Drama
92936,Fantasy
92936,Horror
92936,Mystery
86569,Slice of Life
86569,Sports
114998,Action
114998,Drama
114998,Mystery
114998,Supernatural
105778,Action
105778,Comedy
105778,Drama
105778,Horror
105778,Supernatural
99022,Drama
99022,Mystery
119521,Action
119521,Adventure
119521,Fantasy
106929,Action
106929,Comedy
106929,Supernatural
30418,Drama
30418,Fantasy
30418,Mystery
30418,Slice of Life
30418,Supernatural
100568,Adventure
100568,Drama
100568,Psychological
70171,Comedy
70171,Drama
70171,Romance
70171,Slice of Life
41054,Drama
41054,Mystery
41054,Supernatural
41054,Thriller
31859,Drama
31859,Supernatural
30651,Action
30651,Adventure
30651,Drama
30651,Fantasy
30651,Sci-Fi
146983,Drama
146983,Psychological
85189,Action
85189,Comedy
85189,Drama
85189,Psychological
85189,Slice of Life
85189,Supernatural
74347,Action
74347,Comedy
74347,Sci-Fi
74347,Supernatural
30745,Drama
30745,Mecha
30745,Mystery
30745,Psychological
30745,Sci-Fi
126986,Comedy
126986,Drama
126986,Slice of Life
126986,Supernatural
110683,Action
110683,Adventure
110683,Drama
110683,Fantasy
100805,Drama
100805,Romance
100805,Slice of Life
86551,Adventure
86551,Drama
86551,Fantasy
86551,Horror
86551,Sci-Fi
85849,Comedy
85849,Drama
85849,Psychological
85849,Romance
85849,Slice of Life
121565,Comedy
121565,Drama
121565,Romance
105388,Drama
105388,Romance
86099,Action
86099,Comedy
86099,Drama
86099,Romance
86099,Sports
41514,Drama
41514,Romance
41514,Slice of Life
30904,Action
30904,Drama
87383,Fantasy
87383,Slice of Life
91170,Comedy
91170,Psychological
91170,Romance
91170,Supernatural
143722,Comedy
143722,Drama
143722,Mystery
143722,Psychological
143722,Supernatural
132288,Comedy
132288,Drama
132288,Slice of Life
105398,Action
105398,Adventure
105398,Fantasy
30756,Action
30756,Adventure
30756,Drama
30756,Psychological
30756,Thriller
30102,Comedy
30102,Drama
30102,Psychological
30102,Romance
30102,Supernatural
85134,Action
85134,Mystery
85134,Psychological
85134,Romance
85134,Supernatural
85134,Thriller
51498,Drama
51498,Fantasy
51498,Horror
51498,Mystery
33031,Action
33031,Adventure
33031,Drama
33031,Fantasy
33031,Mystery
33031,Psychological
33031,Supernatural
132144,Action
132144,Adventure
132144,Fantasy
99559,Drama
99559,Fantasy
99559,Mahou Shoujo
99559,Psychological
85850,Comedy
85850,Romance
85850,Slice of Life
55515,Action
55515,Adventure
55515,Drama
55515,Mystery
55515,Supernatural
30698,Action
30698,Drama
30698,Mecha
30698,Mystery
30698,Psychological
30698,Sci-Fi
98842,Action
98842,Comedy
98842,Drama
98842,Mystery
98842,Romance
98842,Supernatural
94490,Action
94490,Comedy
94490,Drama
94490,Romance
85976,Action
85976,Adventure
85976,Comedy
85976,Fantasy
85976,Horror
85976,Supernatural
35744,Drama
35744,Psychological
35744,Sports
143842,Action
143842,Drama
143842,Psychological
143842,Supernatural
136109,Drama
136109,Romance
136109,Slice of Life
101563,Action
101563,Adventure
101563,Comedy
101563,Drama
101563,Mystery
101563,Supernatural
86890,Drama
86890,Music
86890,Slice of Life
63327,Action
63327,Horror
63327,Mystery
63327,Psychological
63327,Supernatural
30664,Action
30664,Horror
30664,Psychological
30664,Sci-Fi
86238,Adventure
86238,Comedy
86238,Ecchi
86238,Fantasy
86238,Romance
33006,Action
33006,Adventure
33006,Mystery
33006,Supernatural
106726,Comedy
106726,Psychological
106726,Slice of Life
74227,Comedy
74227,Mystery
74227,Psychological
74227,Supernatural
51499,Drama
51499,Horror
51499,Mystery
51499,Supernatural
45547,Drama
45547,Psychological
108251,Drama
108251,Romance
53390,Action
53390,Drama
53390,Fantasy
53390,Mystery
38157,Comedy
38157,Fantasy
38157,Romance
38157,Supernatural
30021,Drama
30021,Mystery
30021,Psychological
30021,Supernatural
30021,Thriller
103192,Drama
103192,Romance
103192,Slice of Life
87208,Drama
87208,Psychological
87208,Slice of Life
86355,Adventure
86355,Comedy
86355,Fantasy
39726,Action
39726,Comedy
39726,Drama
39726,Mystery
39726,Psychological
145163,Comedy
145163,Psychological
145163,Romance
145163,Supernatural
118408,Drama
118408,Fantasy
118408,Psychological
118408,Romance
98370,Comedy
98370,Romance
98370,Slice of Life
66413,Comedy
66413,Sci-Fi
66413,Slice of Life
66413,Supernatural
37482,Drama
37482,Psychological
143763,Action
143763,Comedy
143763,Drama
143763,Mystery
143763,Supernatural
126399,Drama
126399,Romance
117324,Comedy
117324,Slice of Life
113533,Comedy
113533,Romance
113533,Slice of Life
111189,Romance
111189,Slice of Life
92550,Romance
92550,Slice of Life
85307,Action
85307,Drama
85307,Mystery
85307,Supernatural
33571,Drama
33571,Psychological
31342,Action
31342,Adventure
31342,Mystery
31342,Supernatural
165131,Action
165131,Drama
165131,Ecchi
165131,Fantasy
107521,Comedy
107521,Fantasy
107521,Romance
87217,Drama
87217,Psychological
68071,Action
68071,Comedy
68071,Romance
68071,Sci-Fi
68071,Supernatural
33572,Drama
33572,Psychological
33572,Thriller
30042,Action
30042,Adventure
30042,Comedy
30042,Fantasy
30042,Sci-Fi
30042,Supernatural
145164,Comedy
145164,Drama
145164,Psychological
145164,Romance
145164,Supernatural
136807,Drama
136807,Slice of Life
123117,Action
123117,Drama
123117,Mystery
123117,Supernatural
119174,Action
119174,Drama
119174,Sports
86568,Action
86568,Drama
86568,Fantasy
86568,Mystery
86568,Supernatural
86036,Comedy
86036,Drama
86036,Music
74307,Drama
74307,Slice of Life
48200,Comedy
48200,Drama
48200,Romance
48200,Slice of Life
30399,Adventure
30399,Drama
30399,Fantasy
30399,Mystery
30399,Psychological
30399,Sci-Fi
30214,Action
30214,Drama
30214,Mecha
30214,Sci-Fi
171729,Action
171729,Drama
171729,Romance
171729,Supernatural
109921,Comedy
109921,Romance
86964,Drama
86964,Horror
86964,Mystery
86964,Psychological
86964,Romance
86964,Thriller
31325,Drama
31325,Fantasy
31325,Romance
31325,Sci-Fi
123125,Action
123125,Drama
123125,Mystery
123125,Supernatural
108556,Action
108556,Comedy
108556,Slice of Life
108556,Supernatural
98544,Mystery
98544,Psychological
98544,Thriller
87347,Drama
87347,Music
87347,Romance
87347,Slice of Life
50006,Action
50006,Adventure
50006,Fantasy
50006,Mystery
50006,Supernatural
159441,Action
159441,Adventure
159441,Fantasy
129574,Comedy
108027,Comedy
108027,Romance
108027,Slice of Life
101131,Adventure
101131,Fantasy
99324,Comedy
99324,Fantasy
98351,Comedy
98351,Slice of Life
33299,Adventure
33299,Drama
33299,Fantasy
33299,Romance
33299,Supernatural
33082,Comedy
33082,Slice of Life
177706,Action
177706,Fantasy
149544,Music
149544,Romance
132029,Action
132029,Comedy
132029,Drama
132029,Romance
132029,Sci-Fi
132029,Supernatural
110473,Romance
110473,Slice of Life
108551,Drama
108551,Mystery
108428,Action
108428,Comedy
108428,Fantasy
99609,Drama
99609,Romance
99609,Slice of Life
97298,Drama
97298,Fantasy
85611,Action
85611,Drama
85611,Horror
85611,Mystery
85611,Psychological
85611,Supernatural
47051,Comedy
47051,Slice of Life
41327,Psychological
41327,Sports
33083,Comedy
33083,Psychological
33083,Sci-Fi
33083,Slice of Life
33083,Supernatural
168843,Drama
168843,Romance
168843,Sci-Fi
113891,Action
113891,Comedy
113891,Fantasy
113891,Sci-Fi
104241,Drama
104241,Romance
104241,Slice of Life
33649,Action
33649,Drama
33649,Fantasy
33649,Romance
33573,Drama
33573,Psychological
33573,Thriller
31218,Action
31218,Drama
31218,Psychological
31183,Comedy
31183,Drama
31183,Romance
31183,Sports
30660,Drama
30660,Romance
30658,Action
30658,Adventure
30658,Supernatural
168509,Romance
168509,Slice of Life
143079,Drama
143079,Psychological
143079,Romance
134191,Comedy
134191,Drama
134191,Romance
134191,Slice of Life
116219,Drama
116219,Romance
105747,Drama
105747,Psychological
105747,Slice of Life
105747,Supernatural
45306,Drama
45306,Slice of Life
30974,Action
30974,Adventure
30974,Drama
30974,Fantasy
30974,Romance
30936,Drama
30936,Horror
30936,Mystery
30936,Psychological
30936,Supernatural
146749,Drama
146749,Fantasy
146749,Mystery
146749,Supernatural
128067,Action
128067,Adventure
128067,Drama
128067,Fantasy
128067,Supernatural
109206,Comedy
109206,Fantasy
109206,Romance
101311,Action
101311,Comedy
101311,Drama
101311,Mystery
101311,Romance
101311,Supernatural
87284,Drama
87284,Fantasy
87284,Romance
87284,Slice of Life
87284,Supernatural
65513,Mystery
65513,Slice of Life
36812,Comedy
173062,Comedy
173062,Romance
173062,Slice of Life
86717,Comedy
86717,Romance
86717,Slice of Life
86406,Adventure
86406,Comedy
86406,Fantasy
30030,Comedy
30030,Drama
30030,Romance
30030,Slice of Life
169272,Comedy
169272,Romance
148305,Drama
148305,Fantasy
138705,Comedy
138705,Fantasy
138705,Romance
98741,Adventure
98741,Fantasy
98741,Slice of Life
87350,Drama
87350,Romance
87350,Supernatural
86399,Action
86399,Adventure
86399,Comedy
86399,Fantasy
67707,Drama
67707,Music
67707,Romance
67707,Slice of Life
59211,Comedy
59211,Romance
56704,Drama
46144,Drama
46144,Horror
46144,Mystery
46144,Psychological
40443,Action
40443,Drama
40443,Psychological
33575,Action
33575,Comedy
33575,Drama
33575,Psychological
30869,Action
30869,Adventure
30869,Comedy
30869,Fantasy
138603,Horror
138603,Mystery
138603,Psychological
138603,Supernatural
138603,Thriller
130429,Drama
130429,Fantasy
130429,Romance
106130,Action
106130,Drama
106130,Sports
104045,Fantasy
104045,Romance
86770,Drama
86770,Fantasy
86770,Mystery
42854,Action
42854,Comedy
42854,Fantasy
42854,Romance
42854,Sci-Fi
33378,Comedy
33378,Drama
33378,Romance
33378,Slice of Life
31061,Adventure
31061,Comedy
31061,Mystery
31061,Romance
131640,Drama
131640,Psychological
131640,Slice of Life
104063,Fantasy
104063,Horror
104063,Mystery
104063,Slice of Life
104063,Supernatural
85364,Action
85364,Comedy
85364,Sci-Fi
85364,Supernatural
72451,Comedy
72451,Romance
72451,Slice of Life
46081,Drama
46081,Horror
46081,Mystery
46081,Psychological
35249,Comedy
35249,Drama
35249,Psychological
35249,Slice of Life
30743,Drama
30743,Mystery
30743,Psychological
30743,Sci-Fi
30610,Drama
30610,Romance
138711,Romance
117853,Drama
117853,Romance
117853,Supernatural
78347,Drama
78347,Romance
78347,Sports
67755,Comedy
67755,Slice of Life
67755,Supernatural
32895,Drama
32895,Music
30043,Comedy
30043,Sports
30010,Comedy
30010,Drama
30010,Mystery
30010,Supernatural
143003,Drama
143003,Romance
111258,Comedy
111258,Music
111258,Slice of Life
104677,Drama
104677,Romance
104533,Comedy
104533,Romance
104533,Slice of Life
87262,Action
87262,Drama
87262,Fantasy
87262,Romance
85734,Comedy
85734,Romance
85734,Slice of Life
63031,Action
63031,Drama
63031,Horror
63031,Psychological
63031,Supernatural
63031,Thriller
33285,Action
33285,Psychological
30443,Drama
30443,Psychological
30443,Romance
30443,Thriller
153007,Action
153007,Fantasy
153007,Psychological
145162,Comedy
145162,Psychological
145162,Romance
145162,Supernatural
123126,Action
123126,Drama
123126,Mystery
123126,Supernatural
100094,Comedy
100094,Slice of Life
58393,Drama
58393,Music
58393,Romance
58393,Slice of Life
40884,Sports
31111,Adventure
31111,Comedy
31111,Drama
31111,Psychological
31111,Supernatural
30085,Comedy
30085,Slice of Life
30022,Action
30022,Adventure
30022,Romance
114328,Drama
114328,Romance
114328,Slice of Life
97701,Comedy
97701,Drama
97701,Romance
97701,Slice of Life
96019,Comedy
96019,Drama
96019,Mystery
96019,Supernatural
55096,Comedy
55096,Drama
55096,Slice of Life
53571,Drama
53571,Psychological
53571,Slice of Life
36164,Drama
36164,Slice of Life
30401,Action
30401,Drama
30401,Horror
30401,Psychological
30401,Sci-Fi
175946,Action
175946,Fantasy
143749,Comedy
143749,Drama
143749,Mystery
143749,Psychological
143749,Supernatural
120980,Action
120980,Adventure
120980,Fantasy
120980,Sci-Fi
100932,Romance
97216,Action
97216,Fantasy
85617,Drama
85617,Romance
85617,Slice of Life
38967,Drama
38967,Psychological
38967,Romance
37519,Comedy
37519,Fantasy
37519,Romance
31414,Comedy
31414,Drama
30915,Comedy
30915,Drama
30915,Sports
30704,Action
30704,Adventure
30704,Comedy
30704,Drama
30704,Sci-Fi
160455,Romance
160455,Slice of Life
124139,Drama
97204,Mystery
97204,Supernatural
54692,Action
54692,Adventure
54692,Drama
54692,Romance
54692,Supernatural
34625,Adventure
34625,Drama
34625,Mystery
34625,Psychological
34625,Sports
33009,Action
33009,Adventure
33009,Drama
33009,Supernatural
30868,Adventure
30868,Mystery
143720,Comedy
143720,Drama
143720,Mystery
143720,Psychological
143720,Supernatural
138072,Action
138072,Adventure
138072,Supernatural
135276,Comedy
135276,Romance
116353,Action
116353,Fantasy
111593,Drama
111593,Romance
100954,Drama
100954,Horror
100954,Psychological
100954,Supernatural
100954,Thriller
98620,Comedy
98620,Drama
98620,Romance
98620,Slice of Life
85143,Action
85143,Adventure
85143,Drama
85143,Fantasy
85143,Mystery
31013,Comedy
31013,Drama
31013,Romance
31013,Slice of Life
31013,Sports
142320,Slice of Life
103270,Slice of Life
101557,Comedy
101557,Romance
101557,Slice of Life
101176,Drama
101176,Music
101176,Slice of Life
100994,Action
100994,Adventure
100994,Mystery
100994,Supernatural
100991,Drama
100991,Psychological
100991,Slice of Life
94846,Action
94846,Fantasy
88867,Drama
88867,Slice of Life
88867,Sports
85911,Drama
85911,Mystery
85911,Psychological
85316,Comedy
85316,Drama
85316,Sci-Fi
85316,Slice of Life
76282,Comedy
76282,Drama
76282,Romance
33042,Comedy
33042,Mystery
33042,Slice of Life
30735,Action
30735,Adventure
30735,Comedy
30735,Drama
159212,Action
159212,Adventure
159212,Comedy
159212,Fantasy
159212,Romance
146747,Drama
146747,Mystery
146747,Psychological
146747,Supernatural
146747,Thriller
127217,Drama
127217,Fantasy
127217,Romance
127217,Supernatural
123118,Action
123118,Drama
123118,Mystery
123118,Supernatural
114027,Drama
114027,Psychological
114027,Romance
110803,Fantasy
110803,Slice of Life
106867,Drama
106867,Horror
106867,Mystery
106867,Psychological
106867,Slice of Life
106867,Thriller
104973,Comedy
104973,Fantasy
104973,Mystery
104973,Romance
86265,Action
86265,Sports
37760,Action
37760,Drama
37760,Sports
31075,Adventure
31075,Drama
31075,Horror
31075,Mystery
31075,Psychological
31075,Romance
31075,Sci-Fi
167422,Action
167422,Comedy
145592,Mystery
145592,Psychological
145592,Sci-Fi
145592,Slice of Life
145592,Supernatural
122060,Comedy
122060,Drama
122060,Romance
111075,Drama
111075,Fantasy
111075,Romance
110605,Action
110605,Adventure
110605,Fantasy
39699,Drama
39699,Romance
39699,Slice of Life
39548,Drama
39548,Horror
39548,Mystery
39548,Psychological
34423,Drama
34423,Romance
34423,Slice of Life
31320,Action
31320,Adventure
31320,Drama
30106,Adventure
30106,Comedy
30106,Fantasy
30106,Mahou Shoujo
30106,Romance
30029,Drama
30029,Romance
120440,Comedy
120440,Drama
120440,Romance
120440,Slice of Life
111233,Comedy
111233,Psychological
111233,Romance
111233,Slice of Life
111233,Supernatural
99923,Comedy
99923,Romance
99923,Slice of Life
85162,Action
85162,Adventure
85162,Comedy
85162,Fantasy
85162,Romance
78621,Drama
48161,Action
48161,Adventure
48161,Romance
44790,Action
44790,Adventure
44790,Drama
44790,Fantasy
30661,Comedy
30024,Action
30024,Adventure
30024,Fantasy
146238,Comedy
146238,Fantasy
146238,Mystery
146238,Romance
143099,Drama
143099,Fantasy
143099,Mystery
143099,Romance
120535,Drama
120535,Romance
120535,Slice of Life
104780,Drama
104780,Psychological
98689,Drama
98689,Fantasy
98689,Romance
73921,Action
73921,Adventure
73921,Fantasy
73921,Romance
73921,Sci-Fi
72001,Action
72001,Adventure
72001,Drama
66131,Action
66131,Comedy
66131,Ecchi
66131,Fantasy
66131,Mahou Shoujo
58449,Action
58449,Drama
58449,Romance
47910,Drama
47910,Psychological
46816,Action
46816,Drama
46816,Romance
46816,Supernatural
39711,Comedy
39711,Drama
39711,Romance
39711,Slice of Life
38070,Action
38070,Adventure
38070,Romance
172619,Action
172619,Fantasy
165881,Comedy
165881,Drama
165881,Mystery
165881,Psychological
165881,Romance
165881,Supernatural
147972,Sports
141013,Drama
141013,Fantasy
141013,Romance
112484,Romance
107462,Comedy
107462,Mahou Shoujo
107462,Slice of Life
87232,Action
87232,Adventure
54705,Drama
54705,Psychological
54705,Romance
46922,Comedy
46922,Drama
46922,Romance
46922,Slice of Life
37776,Action
37776,Comedy
37776,Sci-Fi
31014,Comedy
31014,Drama
31014,Romance
31014,Sports
155471,Drama
155471,Romance
132182,Drama
132182,Romance
132182,Slice of Life
132182,Sports
113350,Romance
113350,Sports
33866,Action
33866,Fantasy
33866,Mystery
33866,Supernatural
32921,Comedy
32921,Romance
30375,Action
30375,Drama
30375,Sports
146656,Drama
146656,Romance
144866,Drama
125167,Comedy
125167,Romance
105332,Comedy
105332,Ecchi
105332,Romance
105332,Slice of Life
98416,Action
98416,Adventure
98416,Comedy
98416,Sci-Fi
85165,Drama
85165,Psychological
38652,Drama
38652,Psychological
31469,Drama
31469,Romance
30149,Action
30149,Drama
30149,Horror
30149,Psychological
30149,Sci-Fi
145166,Comedy
145166,Psychological
145166,Romance
145166,Supernatural
124639,Drama
124639,Music
124639,Romance
122063,Action
122063,Adventure
122063,Comedy
122063,Fantasy
122063,Sci-Fi
114003,Drama
114003,Romance
114003,Slice of Life
112709,Action
112709,Adventure
112709,Fantasy
109501,Comedy
109501,Drama
109501,Romance
99757,Drama
99757,Slice of Life
86279,Action
86279,Comedy
86279,Romance
85435,Drama
85435,Fantasy
85435,Romance
85435,Slice of Life
85435,Supernatural
78399,Adventure
78399,Comedy
78399,Ecchi
78399,Fantasy
69883,Action
69883,Comedy
69883,Sci-Fi
69883,Supernatural
52651,Action
52651,Comedy
52651,Drama
52651,Romance
40552,Action
40552,Comedy
40552,Drama
40552,Psychological
40552,Supernatural
32924,Adventure
32924,Drama
32924,Psychological
31600,Drama
30768,Action
30768,Sci-Fi
30583,Action
30583,Adventure
30583,Fantasy
30583,Horror
30419,Comedy
30419,Music
30419,Romance
30419,Slice of Life
168727,Comedy
168727,Drama
168727,Slice of Life
168656,Drama
168656,Romance
129791,Comedy
129791,Romance
129791,Slice of Life
125095,Romance
118269,Comedy
118269,Drama
118269,Romance
118269,Slice of Life
114329,Drama
114329,Romance
114329,Slice of Life
113981,Action
113981,Comedy
113981,Fantasy
113981,Supernatural
106758,Action
106758,Comedy
106758,Fantasy
98587,Drama
98587,Mystery
98587,Psychological
98587,Romance
98587,Slice of Life
41593,Comedy
41593,Slice of Life
33731,Drama
33731,Music
33731,Slice of Life
31262,Drama
31262,Horror
31262,Mystery
31262,Psychological
145159,Comedy
145159,Psychological
145159,Romance
145159,Supernatural
143840,Drama
143840,Mystery
143840,Psychological
125828,Action
125828,Comedy
109398,Adventure
109398,Drama
109398,Mystery
108946,Comedy
108946,Romance
108946,Slice of Life
108946,Supernatural
99140,Drama
99140,Psychological
99140,Slice of Life
85413,Comedy
85413,Slice of Life
35651,Action
31695,Drama
31695,Mystery
31695,Romance
31297,Drama
31297,Psychological
30031,Comedy
30031,Drama
30031,Romance
170400,Action
170400,Adventure
170400,Fantasy
163824,Action
163824,Fantasy
156303,Comedy
156303,Romance
100355,Comedy
100355,Mystery
100355,Psychological
100355,Supernatural
100109,Action
100109,Adventure
100109,Drama
100109,Fantasy
86481,Comedy
86481,Romance
86481,Slice of Life
31315,Horror
31315,Mystery
31315,Psychological
30481,Drama
30481,Psychological
30481,Sci-Fi
30481,Slice of Life
30018,Comedy
30018,Drama
30018,Romance
30018,Slice of Life
30009,Action
30009,Adventure
30009,Drama
30009,Fantasy
30009,Romance
153726,Drama
153726,Fantasy
153726,Romance
145268,Drama
145268,Horror
145268,Psychological
145268,Supernatural
130904,Drama
130904,Psychological
130904,Romance
108659,Drama
108659,Romance
108659,Slice of Life
97100,Action
97100,Fantasy
97100,Horror
97100,Romance
97100,Supernatural
97100,Thriller
87459,Drama
87459,Ecchi
87459,Psychological
87459,Slice of Life
86720,Action
86720,Adventure
86720,Comedy
86720,Fantasy
86365,Action
86365,Adventure
86365,Drama
86365,Fantasy
78025,Action
78025,Adventure
78025,Fantasy
69325,Drama
69325,Mystery
69325,Psychological
69325,Supernatural
69325,Thriller
34453,Adventure
34453,Fantasy
34453,Slice of Life
33574,Drama
33574,Psychological
33574,Thriller
31263,Drama
31263,Horror
31263,Mystery
31263,Psychological
30320,Comedy
30320,Drama
30320,Fantasy
30320,Mystery
30320,Romance
30320,Supernatural
144946,Action
144946,Drama
144946,Fantasy
143721,Comedy
143721,Drama
143721,Mystery
143721,Psychological
143721,Supernatural
138363,Comedy
138363,Drama
138363,Fantasy
138363,Romance
138196,Drama
138196,Romance
129210,Drama
129210,Fantasy
129210,Horror
129210,Psychological
129210,Romance
128642,Comedy
128642,Romance
110159,Comedy
110159,Sci-Fi
110159,Slice of Life
47552,Comedy
47552,Slice of Life
44720,Action
44720,Comedy
44720,Drama
44720,Romance
44720,Slice of Life
41734,Drama
41734,Music
41734,Psychological
41734,Romance
41734,Slice of Life
31032,Adventure
31032,Comedy
31032,Sci-Fi
30838,Action
30838,Comedy
30838,Romance
147149,Comedy
147149,Romance
147149,Slice of Life
141756,Comedy
141756,Fantasy
141756,Romance
103807,Adventure
103807,Comedy
103807,Fantasy
103807,Psychological
103807,Slice of Life
102989,Action
102989,Drama
102989,Mystery
102989,Supernatural
102989,Thriller
101517,Action
101517,Drama
101517,Supernatural
93006,Comedy
93006,Drama
93006,Slice of Life
87401,Comedy
87401,Slice of Life
87401,Supernatural
72867,Comedy
72867,Sci-Fi
72867,Slice of Life
44568,Action
44568,Comedy
44568,Slice of Life
44236,Romance
44236,Slice of Life
33064,Drama
33064,Psychological
30908,Action
30908,Adventure
30908,Comedy
30908,Fantasy
30908,Supernatural
30729,Romance
30729,Slice of Life
30445,Action
30445,Comedy
30445,Drama
30445,Ecchi
30445,Romance
143764,Comedy
143764,Drama
143764,Mystery
143764,Supernatural
131769,Hentai
131769,Romance
131769,Slice of Life
96754,Drama
96754,Romance
96754,Slice of Life
86579,Comedy
86579,Fantasy
86579,Supernatural
79865,Action
79865,Horror
79865,Mystery
79865,Psychological
79865,Supernatural
70761,Drama
70761,Fantasy
70761,Romance
70761,Slice of Life
43271,Action
43271,Drama
38586,Action
38586,Comedy
38586,Drama
30053,Action
30053,Comedy
30053,Drama
30053,Romance
30053,Supernatural
145157,Comedy
145157,Psychological
145157,Romance
145157,Supernatural
135083,Action
135083,Comedy
135083,Drama
128963,Fantasy
128963,Horror
128963,Supernatural
126297,Action
126297,Drama
125025,Drama
125025,Romance
125025,Slice of Life
123154,Romance
123154,Slice of Life
101942,Adventure
101942,Drama
101942,Mystery
99458,Drama
99458,Romance
99458,Slice of Life
97830,Adventure
97830,Drama
97830,Fantasy
97830,Psychological
97830,Supernatural
96581,Drama
96581,Romance
96581,Sci-Fi
79835,Comedy
79835,Slice of Life
67523,Comedy
67523,Mecha
67523,Romance
67523,Sci-Fi
56144,Comedy
56144,Slice of Life
31474,Action
31474,Adventure
31474,Drama
31474,Fantasy
31474,Horror
31461,Action
31461,Drama
31461,Thriller
30348,Comedy
30348,Drama
30348,Romance
30348,Slice of Life
136943,Comedy
136943,Romance
132977,Drama
132977,Romance
132977,Slice of Life
107987,Drama
107987,Music
107987,Romance
105469,Action
105469,Supernatural
101177,Comedy
101177,Romance
101177,Slice of Life
98334,Drama
98334,Romance
97894,Comedy
97894,Ecchi
97894,Romance
97894,Slice of Life
31668,Drama
31668,Psychological
30731,Action
30731,Drama
30731,Psychological
30731,Sci-Fi
30688,Comedy
30688,Drama
30688,Romance
30688,Slice of Life
170399,Action
170399,Adventure
170399,Fantasy
163002,Comedy
163002,Romance
163002,Slice of Life
120385,Action
120385,Adventure
120385,Fantasy
110539,Romance
110539,Supernatural
109455,Comedy
109455,Slice of Life
109455,Supernatural
101072,Comedy
101072,Slice of Life
33008,Action
33008,Adventure
33008,Drama
33008,Mystery
33008,Supernatural
159142,Drama
159142,Romance
155713,Action
155713,Drama
155713,Mystery
155713,Supernatural
126268,Comedy
126268,Psychological
126268,Romance
126268,Slice of Life
115000,Action
115000,Drama
115000,Romance
115000,Supernatural
97337,Drama
97337,Romance
97337,Supernatural
47904,Comedy
47904,Drama
47904,Romance
47904,Slice of Life
30585,Drama
30585,Romance
30585,Slice of Life
183343,Fantasy
183343,Romance
183343,Supernatural
164581,Drama
164581,Slice of Life
137428,Drama
137428,Romance
137304,Action
137304,Fantasy
131128,Drama
131128,Fantasy
131128,Mystery
131128,Romance
130158,Mystery
130158,Romance
130158,Thriller
105641,Comedy
105641,Romance
100941,Comedy
100941,Mystery
100941,Romance
100941,Slice of Life
100676,Fantasy
100676,Mahou Shoujo
99516,Drama
99516,Romance
99516,Slice of Life
98397,Drama
98397,Horror
98397,Psychological
85296,Action
85296,Drama
85296,Supernatural
76258,Slice of Life
76258,Supernatural
40447,Action
40447,Drama
40447,Mecha
40447,Sci-Fi
34571,Drama
34571,Fantasy
34571,Romance
30895,Action
30895,Mecha
30895,Romance
30649,Action
30649,Drama
30649,Psychological
30649,Sci-Fi
30012,Action
30012,Adventure
30012,Supernatural
167886,Comedy
167886,Drama
167886,Romance
149756,Drama
149756,Romance
143704,Action
143704,Drama
143704,Mystery
143704,Romance
143704,Supernatural
123777,Drama
123777,Horror
123777,Psychological
123777,Romance
123777,Supernatural
102540,Comedy
102540,Drama
102540,Horror
102540,Mystery
102540,Psychological
102540,Supernatural
101328,Romance
98889,Slice of Life
96842,Action
96842,Adventure
96842,Fantasy
85898,Comedy
85898,Slice of Life
48074,Action
48074,Mecha
39546,Comedy
39546,Drama
39546,Sports
31741,Action
31741,Comedy
31741,Drama
30705,Action
30705,Horror
30705,Romance
30705,Supernatural
30267,Action
30267,Horror
30267,Supernatural
30092,Drama
30092,Fantasy
30092,Mahou Shoujo
30092,Romance
182066,Action
182066,Adventure
182066,Fantasy
180891,Action
180891,Adventure
180891,Fantasy
172729,Comedy
172729,Romance
159977,Drama
159977,Ecchi
159977,Psychological
159977,Romance
143724,Action
143724,Drama
143724,Mystery
143724,Psychological
143724,Supernatural
143703,Action
143703,Mystery
143703,Romance
143703,Supernatural
136320,Drama
136320,Romance
136320,Supernatural
136220,Action
136220,Fantasy
111489,Drama
111489,Romance
111044,Drama
111044,Psychological
111044,Romance
108952,Drama
108952,Horror
108952,Mystery
108952,Psychological
108952,Thriller
107207,Drama
107207,Romance
101607,Drama
101607,Mystery
101607,Slice of Life
101233,Comedy
101233,Slice of Life
100758,Horror
100758,Mystery
100758,Supernatural
86044,Comedy
86044,Slice of Life
76010,Drama
76010,Mystery
76010,Supernatural
68105,Romance
68105,Slice of Life
56736,Drama
56736,Romance
56736,Slice of Life
37149,Comedy
37149,Romance
143762,Comedy
143762,Drama
143762,Fantasy
143762,Mystery
143762,Supernatural
133795,Fantasy
133795,Mystery
133795,Psychological
133795,Romance
130116,Drama
130116,Romance
112524,Drama
112524,Music
112524,Slice of Life
108427,Action
108427,Drama
108427,Horror
108427,Supernatural
103822,Drama
103822,Romance
99549,Comedy
99549,Romance
99549,Slice of Life
98071,Action
98071,Horror
98071,Mystery
98071,Psychological
98071,Romance
98071,Supernatural
97700,Comedy
97700,Slice of Life
87020,Adventure
87020,Mystery
87020,Slice of Life
66933,Comedy
66933,Romance
60315,Comedy
60315,Romance
38300,Romance
38300,Sports
35655,Drama
35655,Mystery
35655,Supernatural
31362,Comedy
31362,Slice of Life
31009,Comedy
31009,Drama
31009,Romance
31009,Slice of Life
30027,Action
30027,Drama
30027,Fantasy
30027,Supernatural
30020,Comedy
30020,Drama
30020,Psychological
30020,Sports
30020,Supernatural
159925,Drama
159925,Romance
136092,Drama
136092,Fantasy
136092,Romance
132364,Drama
132364,Romance
132364,Slice of Life
123121,Action
123121,Drama
123121,Mystery
123121,Supernatural
107416,Romance
107416,Slice of Life
96518,Action
96518,Comedy
96518,Drama
96518,Psychological
96518,Romance
96518,Slice of Life
96518,Thriller
86182,Action
86182,Drama
86182,Fantasy
65573,Drama
65573,Psychological
65573,Romance
65573,Sci-Fi
65573,Supernatural
46659,Drama
46659,Psychological
46659,Thriller
40179,Slice of Life
39738,Drama
39738,Horror
39738,Mystery
39738,Psychological
37458,Mystery
37458,Supernatural
166352,Fantasy
154361,Drama
154361,Fantasy
154361,Music
143550,Romance
143516,Action
143516,Comedy
143516,Drama
143516,Romance
143516,Supernatural
130687,Comedy
130687,Romance
130687,Slice of Life
126559,Drama
126559,Psychological
126559,Sci-Fi
126559,Thriller
122337,Comedy
122337,Romance
122337,Slice of Life
100801,Comedy
100801,Romance
100801,Slice of Life
100473,Drama
100473,Romance
100473,Slice of Life
98360,Drama
98360,Psychological
98360,Romance
87259,Action
87259,Adventure
87259,Comedy
87259,Drama
87259,Fantasy
87259,Romance
85922,Drama
85922,Slice of Life
74523,Fantasy
45805,Horror
45805,Mystery
45805,Romance
45805,Supernatural
31216,Comedy
31216,Drama
31216,Romance
31216,Slice of Life
30923,Adventure
30923,Fantasy
30923,Romance
30436,Drama
30436,Horror
30436,Mystery
30436,Psychological
30436,Romance
30436,Supernatural
168984,Comedy
168984,Drama
168984,Slice of Life
168984,Supernatural
165673,Drama
165673,Romance
160651,Comedy
160651,Romance
159930,Action
159930,Adventure
159930,Drama
159930,Fantasy
154258,Action
154258,Comedy
154258,Fantasy
146314,Drama
146314,Romance
146139,Comedy
146139,Drama
146139,Romance
142894,Drama
142894,Fantasy
142894,Romance
115326,Romance
115326,Slice of Life
113868,Fantasy
113868,Slice of Life
112335,Drama
112335,Romance
112335,Supernatural
106531,Drama
106531,Romance
106531,Supernatural
104233,Comedy
104233,Drama
104233,Romance
104233,Supernatural
98376,Comedy
98376,Drama
98376,Romance
87296,Adventure
87296,Comedy
87296,Fantasy
87296,Mahou Shoujo
87296,Romance
87216,Action
87216,Adventure
87216,Drama
87216,Supernatural
86206,Comedy
86206,Slice of Life
85702,Adventure
85702,Comedy
85702,Fantasy
85702,Romance
85697,Comedy
85697,Slice of Life
85533,Comedy
85533,Romance
85533,Slice of Life
54308,Action
54308,Drama
54308,Mystery
54308,Sci-Fi
44531,Action
44531,Comedy
44531,Drama
44531,Ecchi
43897,Comedy
43897,Drama
43897,Sports
31408,Adventure
31408,Psychological
31211,Drama
31211,Horror
31211,Music
31211,Mystery
31211,Psychological
31149,Action
31149,Drama
31149,Sci-Fi
30928,Action
30928,Adventure
30928,Comedy
30928,Drama
30928,Fantasy
30770,Action
30770,Adventure
30770,Sci-Fi
30011,Action
30011,Adventure
30011,Supernatural
168002,Drama
168002,Psychological
168002,Romance
149332,Action
149332,Adventure
149332,Fantasy
146746,Drama
146746,Horror
146746,Mystery
146746,Psychological
138928,Comedy
138928,Romance
136833,Action
136833,Adventure
136833,Comedy
136833,Drama
136833,Fantasy
129152,Fantasy
129152,Romance
114920,Action
114920,Drama
114920,Fantasy
114920,Romance
112218,Action
112218,Adventure
112218,Comedy
112218,Drama
112218,Fantasy
112218,Romance
110095,Comedy
110095,Drama
110095,Romance
104203,Drama
104203,Romance
104203,Slice of Life
102259,Comedy
102259,Drama
102259,Romance
102259,Supernatural
101583,Comedy
101583,Ecchi
101583,Romance
101583,Slice of Life
87423,Drama
87423,Fantasy
87423,Horror
87423,Mystery
87423,Psychological
87423,Thriller
87154,Comedy
87154,Drama
87154,Romance
85635,Action
85635,Adventure
85635,Comedy
85635,Fantasy
85609,Drama
85609,Romance
85609,Slice of Life
74319,Action
74319,Drama
74319,Fantasy
74319,Horror
74319,Mahou Shoujo
60079,Drama
60079,Psychological
60079,Slice of Life
60079,Supernatural
31047,Action
31047,Adventure
165485,Action
165485,Romance
142989,Adventure
142989,Drama
142989,Ecchi
142989,Fantasy
119301,Comedy
119301,Romance
108141,Drama
108141,Romance
108141,Slice of Life
106176,Action
106176,Fantasy
106176,Horror
106176,Mystery
106176,Sci-Fi
106176,Supernatural
100942,Comedy
100942,Mystery
100942,Romance
100942,Slice of Life
87170,Action
87170,Drama
87170,Mystery
87170,Psychological
87170,Supernatural
87170,Thriller
77022,Drama
77022,Music
77022,Romance
77022,Slice of Life
71629,Mystery
71629,Slice of Life
51467,Drama
51467,Slice of Life
31649,Drama
31649,Psychological
182270,Drama
182270,Romance
169386,Romance
169386,Slice of Life
155108,Drama
155108,Slice of Life
140287,Drama
140287,Mystery
140287,Romance
140287,Supernatural
123409,Comedy
123409,Slice of Life
120545,Comedy
120545,Romance
120545,Slice of Life
114531,Comedy
114531,Slice of Life
113488,Action
113488,Drama
113326,Comedy
113326,Romance
104540,Drama
104540,Romance
104540,Slice of Life
103610,Drama
103610,Horror
103610,Psychological
103610,Supernatural
101853,Action
101853,Fantasy
101853,Sci-Fi
101642,Romance
101642,Slice of Life
86436,Drama
86436,Slice of Life
85564,Adventure
85564,Drama
85564,Ecchi
85564,Fantasy
85235,Horror
85235,Mystery
85235,Psychological
85235,Slice of Life
85235,Supernatural
85199,Action
85199,Drama
85199,Fantasy
85199,Supernatural
77825,Adventure
77825,Sci-Fi
56769,Comedy
56769,Romance
56769,Slice of Life
51054,Comedy
51054,Fantasy
51054,Slice of Life
48570,Drama
48570,Psychological
48570,Sci-Fi
47465,Drama
47465,Sci-Fi
47465,Supernatural
30792,Action
30792,Adventure
30792,Comedy
30792,Drama
30792,Ecchi
170179,Action
170179,Drama
170179,Fantasy
170179,Sci-Fi
143216,Comedy
143216,Drama
143216,Romance
138564,Drama
138564,Hentai
138564,Romance
132165,Drama
132165,Fantasy
132165,Romance
129685,Romance
129685,Slice of Life
117802,Action
117802,Adventure
117802,Comedy
117802,Fantasy
116843,Comedy
116843,Drama
116843,Romance
114427,Drama
114427,Romance
111970,Drama
111970,Romance
111970,Slice of Life
109302,Romance
109302,Slice of Life
100418,Romance
100418,Slice of Life
86848,Action
86848,Comedy
86848,Drama
86848,Supernatural
86753,Action
86753,Drama
86753,Fantasy
86753,Supernatural
86284,Drama
86284,Romance
86284,Supernatural
85464,Drama
85464,Fantasy
85464,Mahou Shoujo
85464,Psychological
85139,Comedy
85139,Fantasy
85139,Romance
69859,Sci-Fi
69859,Thriller
55409,Action
55409,Comedy
55409,Ecchi
55409,Romance
55409,Supernatural
54294,Comedy
54294,Drama
54294,Romance
54294,Slice of Life
47462,Drama
47462,Romance
47462,Slice of Life
168264,Drama
168264,Romance
164857,Action
164857,Adventure
164857,Fantasy
155485,Action
155485,Adventure
155485,Drama
155485,Fantasy
146030,Action
146030,Supernatural
137620,Action
137620,Adventure
137620,Supernatural
135356,Action
135356,Comedy
135356,Drama
127886,Fantasy
127886,Romance
127886,Slice of Life
126107,Fantasy
126107,Supernatural
122993,Romance
121146,Action
121146,Adventure
121146,Drama
114542,Drama
114542,Fantasy
114542,Psychological
114542,Romance
114542,Thriller
111335,Comedy
111335,Romance
111335,Slice of Life
100943,Comedy
100943,Mystery
100943,Romance
100943,Slice of Life
87151,Comedy
87151,Drama
87151,Fantasy
87151,Romance
75447,Comedy
75447,Romance
71865,Action
71865,Adventure
63297,Comedy
63297,Drama
63297,Romance
63297,Slice of Life
54457,Drama
54457,Fantasy
54457,Horror
54457,Mahou Shoujo
30463,Comedy
30463,Drama
30463,Psychological
30463,Romance
169008,Drama
169008,Romance
159436,Fantasy
159436,Romance
154159,Drama
154159,Fantasy
154159,Psychological
154159,Romance
151512,Action
151512,Adventure
151512,Drama
151512,Fantasy
147997,Comedy
147997,Drama
147997,Romance
147997,Slice of Life
147586,Fantasy
147586,Romance
145531,Mystery
145531,Sci-Fi
143031,Comedy
143031,Romance
140951,Action
140951,Comedy
140951,Drama
140951,Romance
129774,Romance
129774,Slice of Life
123760,Hentai
120796,Romance
117195,Drama
117195,Mystery
117195,Psychological
117195,Supernatural
112981,Comedy
112981,Romance
112981,Slice of Life
112518,Drama
112518,Fantasy
112518,Romance
111608,Romance
111608,Slice of Life
107321,Drama
107321,Sports
104140,Comedy
104140,Drama
104140,Romance
98777,Romance
98777,Slice of Life
98561,Drama
98561,Romance
98561,Slice of Life
92453,Drama
92453,Horror
92453,Mystery
91203,Action
91203,Adventure
91203,Slice of Life
85747,Drama
85747,Fantasy
85747,Psychological
85747,Romance
40010,Action
40010,Comedy
40010,Supernatural
31630,Action
31630,Adventure
31630,Supernatural
165751,Comedy
165751,Drama
165751,Romance
165751,Slice of Life
156723,Drama
156723,Romance
155465,Romance
155465,Slice of Life
146203,Sports
138222,Action
138222,Fantasy
135822,Drama
135822,Romance
127122,Hentai
127122,Psychological
127122,Romance
123868,Comedy
123868,Romance
123868,Slice of Life
121991,Action
121991,Comedy
120112,Comedy
120112,Ecchi
120112,Romance
112621,Drama
112621,Romance
110140,Comedy
110140,Romance
110140,Slice of Life
109384,Comedy
109384,Drama
109384,Romance
109384,Slice of Life
99183,Comedy
99183,Romance
99183,Slice of Life
86623,Fantasy
86623,Slice of Life
85336,Comedy
85336,Romance
85336,Slice of Life
76814,Drama
76814,Psychological
76814,Slice of Life
44721,Comedy
41243,Drama
34258,Drama
34258,Psychological
34258,Slice of Life
30442,Action
30442,Drama
30442,Psychological
30442,Supernatural
164263,Comedy
164263,Romance
154474,Drama
154474,Sci-Fi
153513,Action
153513,Drama
153513,Fantasy
142201,Romance
142201,Slice of Life
130665,Fantasy
130665,Romance
130665,Supernatural
121819,Action
121819,Drama
121819,Romance
121819,Supernatural
120502,Romance
120502,Slice of Life
113340,Drama
113340,Fantasy
113340,Psychological
113340,Supernatural
113340,Thriller
112579,Drama
112579,Psychological
110393,Drama
110393,Psychological
110393,Romance
110393,Slice of Life
109608,Adventure
109608,Horror
109608,Supernatural
108196,Action
108196,Drama
108196,Thriller
104030,Action
104030,Mystery
104030,Supernatural
103141,Drama
103141,Romance
100908,Drama
100908,Romance
100908,Supernatural
99346,Horror
99346,Romance
99346,Supernatural
87510,Comedy
87510,Fantasy
87510,Slice of Life
87442,Action
87442,Adventure
87442,Drama
87442,Mystery
87442,Sci-Fi
86310,Action
86310,Drama
86310,Sci-Fi
86310,Supernatural
85827,Romance
85827,Slice of Life
74501,Comedy
74501,Drama
74501,Romance
54380,Comedy
54380,Drama
54380,Romance
54380,Slice of Life
54380,Supernatural
53627,Comedy
53627,Drama
53627,Sports
40330,Drama
40330,Psychological
40330,Romance
40330,Slice of Life
33097,Drama
33097,Fantasy
33097,Sci-Fi
33097,Slice of Life
33097,Supernatural
186990,Drama
186990,Psychological
186990,Thriller
153432,Action
153432,Adventure
153432,Drama
153432,Fantasy
148082,Comedy
148082,Romance
147587,Drama
147587,Fantasy
147587,Romance
146748,Drama
146748,Horror
146748,Mystery
146748,Supernatural
117877,Comedy
117877,Romance
114972,Drama
114972,Psychological
114972,Slice of Life
101700,Drama
101700,Romance
100557,Drama
100557,Psychological
100557,Slice of Life
100147,Adventure
100147,Comedy
100147,Fantasy
99640,Romance
92985,Action
92985,Comedy
86640,Action
86640,Adventure
86640,Comedy
86640,Supernatural
85887,Drama
85887,Romance
50242,Adventure
50242,Comedy
50242,Fantasy
50242,Supernatural
33713,Drama
33713,Slice of Life
33281,Drama
33258,Drama
33258,Psychological
33258,Slice of Life
181542,Drama
181542,Romance
180752,Action
180752,Adventure
180752,Comedy
180752,Fantasy
177373,Drama
177373,Romance
171068,Comedy
171068,Romance
171068,Slice of Life
166658,Action
166658,Adventure
166658,Drama
166658,Fantasy
158706,Fantasy
158706,Romance
156031,Drama
156031,Music
156031,Romance
129345,Comedy
129345,Fantasy
129345,Romance
126768,Comedy
126768,Romance
126768,Slice of Life
124964,Comedy
124964,Slice of Life
123314,Action
123314,Adventure
123314,Comedy
123314,Fantasy
121364,Romance
121364,Slice of Life
120963,Drama
120963,Romance
119664,Romance
119664,Slice of Life
116382,Drama
116382,Fantasy
116382,Psychological
116382,Romance
114768,Drama
114768,Romance
112197,Action
112197,Drama
112197,Fantasy
112197,Slice of Life
97391,Drama
97391,Mystery
97391,Supernatural
97391,Thriller
87197,Fantasy
87197,Mystery
87197,Supernatural
73915,Action
73915,Fantasy
73915,Supernatural
65733,Drama
65733,Slice of Life
65733,Supernatural
55250,Comedy
55250,Horror
55250,Mystery
55250,Romance
55250,Slice of Life
55250,Supernatural
54801,Drama
54801,Slice of Life
43419,Comedy
43419,Drama
43419,Romance
43419,Slice of Life
35711,Action
35711,Drama
33403,Action
33403,Comedy
33403,Drama
33403,Ecchi
33403,Mystery
33403,Romance
33403,Supernatural
31506,Comedy
31506,Drama
31506,Romance
31506,Slice of Life
31101,Action
31101,Drama
31101,Psychological
31101,Thriller
30017,Comedy
30017,Drama
30017,Psychological
30017,Romance
188249,Action
188249,Drama
188249,Fantasy
188249,Horror
188249,Mystery
188249,Thriller
182516,Action
182516,Drama
182516,Fantasy
182516,Romance
182516,Supernatural
158108,Drama
158108,Romance
146393,Drama
146393,Psychological
146393,Romance
137614,Comedy
137614,Drama
137614,Slice of Life
130867,Romance
126135,Adventure
126135,Drama
126135,Fantasy
126135,Horror
126135,Psychological
126135,Supernatural
125116,Action
125116,Adventure
125116,Comedy
125116,Drama
125116,Fantasy
123573,Action
123573,Adventure
123573,Comedy
123573,Fantasy
117728,Action
117728,Adventure
117728,Comedy
117728,Fantasy
117728,Hentai
113055,Drama
113055,Fantasy
113055,Romance
103029,Mystery
103029,Supernatural
103029,Thriller
102308,Drama
102308,Romance
101255,Comedy
101255,Romance
100755,Romance
100052,Drama
100052,Romance
100052,Slice of Life
86037,Action
86037,Adventure
86037,Fantasy
86037,Mystery
55245,Slice of Life
54903,Action
54903,Drama
31766,Fantasy
31766,Psychological
31766,Romance
31766,Sci-Fi
174790,Comedy
174790,Romance
174790,Slice of Life
145165,Comedy
145165,Psychological
145165,Romance
145165,Supernatural
133797,Fantasy
133797,Romance
132926,Romance
130128,Romance
130128,Slice of Life
127440,Drama
127440,Romance
126722,Drama
126722,Romance
124382,Drama
124382,Supernatural
110720,Drama
110720,Psychological
109064,Comedy
109064,Romance
107254,Drama
107254,Romance
107098,Action
107098,Drama
107098,Fantasy
107098,Supernatural
101265,Comedy
101265,Romance
101265,Slice of Life
100470,Fantasy
100470,Mystery
100470,Romance
100470,Supernatural
99758,Comedy
99758,Romance
99758,Slice of Life
98817,Action
98817,Comedy
98817,Sci-Fi
98305,Slice of Life
96360,Drama
92954,Comedy
92954,Romance
86687,Comedy
86687,Romance
86687,Slice of Life
86462,Comedy
86462,Drama
86462,Romance
86462,Slice of Life
43702,Comedy
43702,Romance
43702,Slice of Life
30872,Action
30872,Adventure
30872,Mystery
30872,Supernatural
30655,Drama
30655,Fantasy
30655,Romance
30655,Sci-Fi
30128,Comedy
30128,Fantasy
30128,Horror
30128,Mystery
30128,Supernatural
30057,Comedy
30057,Drama
30057,Romance
30057,Slice of Life
30023,Action
30023,Comedy
30023,Ecchi
30023,Romance
187427,Drama
187427,Fantasy
169355,Action
169355,Drama
169355,Fantasy
163434,Romance
144944,Drama
144944,Romance
144944,Slice of Life
130711,Slice of Life
124156,Comedy
124156,Drama
124156,Romance
117460,Action
117460,Adventure
117460,Comedy
117460,Fantasy
110804,Fantasy
110804,Slice of Life
105790,Comedy
105790,Romance
105790,Slice of Life
103687,Adventure
103687,Drama
103687,Fantasy
97865,Comedy
97865,Drama
97865,Romance
97865,Supernatural
96930,Action
96930,Horror
96930,Supernatural
57231,Comedy
57231,Drama
57231,Romance
57231,Slice of Life
42471,Adventure
42471,Comedy
42471,Fantasy
42471,Sci-Fi
30339,Comedy
194727,Action
194727,Adventure
194727,Fantasy
188602,Drama
163400,Comedy
163400,Music
163400,Slice of Life
145598,Mystery
145598,Psychological
145598,Sci-Fi
145598,Supernatural
143719,Comedy
143719,Romance
135325,Action
135325,Adventure
135325,Fantasy
118695,Comedy
118695,Drama
118695,Fantasy
118695,Romance
117918,Drama
117918,Fantasy
117918,Romance
117918,Supernatural
104271,Action
104271,Adventure
104271,Drama
104271,Fantasy
100293,Comedy
100293,Romance
100293,Supernatural
85814,Action
85814,Adventure
85814,Comedy
85814,Drama
85814,Fantasy
85814,Romance
85749,Comedy
85749,Drama
85749,Ecchi
85749,Romance
83537,Action
83537,Horror
83537,Mystery
83537,Sci-Fi
82343,Drama
82343,Fantasy
82343,Psychological
76024,Action
76024,Adventure
76024,Fantasy
76024,Romance
66903,Adventure
66903,Psychological
66903,Sci-Fi
66903,Slice of Life
66903,Supernatural
65003,Comedy
65003,Ecchi
65003,Romance
65003,Supernatural
64127,Action
64127,Romance
64127,Sci-Fi
64127,Supernatural
46276,Drama
46276,Psychological
46276,Romance
46276,Slice of Life
42713,Action
42713,Adventure
42713,Drama
39152,Drama
39152,Psychological
39152,Romance
33868,Action
33868,Drama
33868,Horror
33868,Psychological
176854,Comedy
176854,Romance
174501,Drama
174501,Romance
170894,Action
170894,Adventure
170894,Fantasy
170894,Supernatural
152128,Action
152128,Adventure
152128,Drama
152128,Fantasy
150170,Action
150170,Adventure
150170,Comedy
150170,Fantasy
150170,Romance
147468,Comedy
147468,Romance
139741,Action
139741,Fantasy
139741,Horror
136253,Comedy
136253,Romance
136253,Slice of Life
135096,Drama
135096,Romance
134255,Drama
134255,Horror
134255,Psychological
134255,Romance
128965,Drama
128965,Romance
122462,Comedy
122462,Romance
120537,Comedy
120537,Romance
120537,Slice of Life
115947,Action
115947,Adventure
115947,Fantasy
115947,Mecha
115947,Mystery
115947,Sci-Fi
115947,Supernatural
112544,Drama
112544,Mystery
112544,Romance
112544,Sci-Fi
112544,Slice of Life
105577,Comedy
105577,Romance
105577,Slice of Life
102043,Slice of Life
100704,Comedy
100704,Slice of Life
87471,Comedy
87471,Drama
87471,Mystery
87471,Psychological
87471,Romance
87471,Slice of Life
87471,Supernatural
86898,Comedy
86898,Fantasy
86707,Action
86707,Adventure
86707,Fantasy
86707,Romance
86123,Action
86123,Comedy
86123,Fantasy
85616,Drama
85616,Romance
85616,Slice of Life
85475,Action
85475,Drama
85475,Sports
42917,Action
42917,Adventure
42917,Comedy
42917,Supernatural
35157,Action
35157,Sports
170688,Action
170688,Comedy
170688,Drama
147567,Drama
147567,Fantasy
147567,Romance
145160,Comedy
145160,Psychological
145160,Romance
145160,Supernatural
142254,Fantasy
142254,Romance
137280,Action
137280,Fantasy
136204,Action
136204,Fantasy
135378,Adventure
135378,Fantasy
135378,Slice of Life
132557,Comedy
132557,Slice of Life
129135,Romance
129135,Slice of Life
128791,Horror
128791,Mystery
128791,Romance
128435,Fantasy
128435,Romance
127993,Action
127993,Fantasy
127993,Supernatural
123201,Romance
123201,Supernatural
119363,Action
119363,Adventure
119363,Comedy
119363,Fantasy
118570,Comedy
118570,Drama
118570,Romance
115348,Romance
115348,Slice of Life
114913,Comedy
114913,Slice of Life
114898,Comedy
114898,Romance
112234,Drama
112234,Fantasy
112234,Romance
110439,Slice of Life
109017,Comedy
109017,Ecchi
109017,Mahou Shoujo
109017,Slice of Life
107790,Drama
107790,Horror
107790,Psychological
103608,Comedy
103608,Fantasy
103608,Romance
102895,Comedy
102895,Drama
102895,Romance
102895,Slice of Life
100851,Comedy
100851,Drama
100851,Romance
100851,Slice of Life
100230,Comedy
100230,Drama
100230,Romance
97871,Comedy
97871,Drama
97871,Romance
97871,Slice of Life
85198,Drama
85198,Horror
85198,Psychological
85198,Supernatural
85198,Thriller
78151,Action
78151,Sci-Fi
54464,Action
54464,Comedy
54464,Drama
54464,Ecchi
54464,Fantasy
54464,Romance
54464,Sci-Fi
40892,Action
40892,Comedy
40892,Drama
40892,Mecha
40892,Romance
37630,Action
37630,Comedy
37630,Drama
37630,Romance
37630,Sci-Fi
34658,Action
34658,Adventure
34658,Comedy
34658,Drama
34658,Mystery
34018,Drama
34018,Mystery
34018,Psychological
34018,Sci-Fi
30674,Comedy
30674,Mystery
30674,Supernatural
30160,Comedy
30160,Romance
30160,Slice of Life
194302,Comedy
194302,Romance
169904,Comedy
169904,Romance
169904,Supernatural
150440,Comedy
150440,Slice of Life
150440,Supernatural
141560,Drama
141560,Romance
137431,Drama
137431,Slice of Life
130300,Comedy
130300,Drama
130300,Fantasy
130300,Romance
127249,Fantasy
127249,Slice of Life
120675,Drama
120675,Romance
114388,Action
114388,Adventure
114388,Comedy
114388,Fantasy
113168,Drama
113168,Psychological
113168,Slice of Life
110805,Fantasy
110805,Slice of Life
110530,Comedy
110530,Romance
110530,Slice of Life
108695,Drama
108695,Psychological
108695,Slice of Life
107112,Comedy
107112,Fantasy
107112,Romance
107112,Slice of Life
106888,Action
103854,Drama
103854,Fantasy
103854,Romance
103180,Comedy
103180,Supernatural
97852,Comedy
97852,Romance
97852,Slice of Life
97466,Action
97466,Adventure
97466,Fantasy
86243,Comedy
86243,Drama
86243,Romance
86243,Slice of Life
85934,Action
85934,Adventure
85934,Comedy
85934,Fantasy
85934,Supernatural
85486,Action
85486,Adventure
85486,Comedy
85486,Drama
85486,Fantasy
85247,Action
85247,Comedy
85247,Drama
85247,Fantasy
85247,Romance
85247,Supernatural
70099,Comedy
70099,Romance
70099,Slice of Life
40429,Drama
40429,Mystery
40429,Supernatural
31365,Drama
31365,Romance
31260,Drama
31260,Horror
31260,Mystery
31260,Psychological
31260,Supernatural
30670,Drama
30670,Mecha
30670,Psychological
30670,Sci-Fi
30564,Action
30564,Drama
30564,Ecchi
30564,Horror
30564,Psychological
30564,Sci-Fi
30564,Supernatural
30158,Drama
30158,Horror
30158,Mystery
30158,Romance
30158,Supernatural
30124,Adventure
30124,Comedy
30124,Drama
30124,Sci-Fi
30124,Slice of Life
163923,Action
163923,Sports
161929,Romance
161929,Slice of Life
137907,Adventure
137907,Comedy
137907,Fantasy
129384,Drama
129384,Psychological
129384,Romance
125078,Comedy
125078,Music
125078,Slice of Life
116401,Romance
116401,Slice of Life
111406,Drama
111406,Romance
111406,Slice of Life
110084,Drama
110084,Mystery
110084,Romance
110084,Supernatural
109957,Action
109957,Adventure
109957,Fantasy
109710,Comedy
109710,Romance
109121,Drama
109121,Fantasy
109121,Slice of Life
108919,Drama
108919,Romance
103204,Comedy
103204,Fantasy
103204,Romance
101556,Drama
101556,Psychological
101556,Thriller
101335,Action
101335,Drama
101335,Slice of Life
101335,Supernatural
100117,Action
100117,Adventure
100117,Drama
100117,Fantasy
100080,Comedy
100080,Slice of Life
98908,Comedy
98908,Fantasy
98908,Slice of Life
98617,Drama
98617,Romance
97258,Comedy
97258,Slice of Life
92544,Drama
92544,Horror
92544,Mystery
92544,Psychological
91616,Comedy
91616,Slice of Life
86738,Comedy
86738,Mystery
86738,Romance
86738,Slice of Life
71769,Comedy
71769,Drama
60779,Drama
60779,Romance
60779,Slice of Life
60779,Sports
49594,Drama
49594,Romance
49594,Slice of Life
43290,Drama
43290,Psychological
43290,Slice of Life
41652,Comedy
41652,Sports
38571,Mecha
34368,Comedy
34368,Romance
34368,Slice of Life
30054,Action
30054,Adventure
30054,Comedy
30054,Drama
30054,Fantasy
30054,Mystery
30047,Action
30047,Comedy
164599,Drama
164599,Fantasy
164599,Romance
163408,Drama
163408,Romance
155583,Drama
155583,Romance
155583,Slice of Life
155583,Supernatural
142287,Action
142287,Adventure
142287,Drama
142287,Fantasy
136611,Mystery
136611,Romance
131822,Drama
131822,Supernatural
124885,Fantasy
124885,Romance
121054,Action
121054,Adventure
121054,Drama
121054,Fantasy
121054,Mystery
117540,Comedy
117540,Drama
117540,Fantasy
117540,Romance
112690,Romance
112690,Slice of Life
111212,Action
111212,Adventure
111212,Sci-Fi
107518,Action
107518,Adventure
107518,Fantasy
105307,Slice of Life
99737,Comedy
99737,Drama
99737,Romance
99737,Slice of Life
86742,Adventure
86742,Drama
86742,Fantasy
86742,Mystery
86742,Romance
69291,Comedy
69291,Romance
69291,Slice of Life
49266,Comedy
49266,Drama
49266,Romance
49266,Slice of Life
45104,Drama
45104,Fantasy
38557,Comedy
38557,Drama
38557,Romance
38557,Slice of Life
38144,Comedy
38144,Drama
38144,Ecchi
38144,Romance
38144,Sci-Fi
37749,Action
37749,Comedy
37749,Drama
37749,Slice of Life
31802,Drama
31802,Romance
31802,Slice of Life
30736,Action
30736,Adventure
30736,Drama
30736,Fantasy
30736,Supernatural
181313,Mystery
181313,Psychological
181313,Romance
150836,Action
150836,Adventure
150836,Fantasy
142568,Drama
142568,Psychological
142568,Sci-Fi
139540,Drama
139540,Romance
139540,Slice of Life
138847,Music
138847,Romance
138577,Action
138577,Supernatural
133038,Comedy
133038,Fantasy
133038,Romance
127008,Fantasy
127008,Romance
114671,Psychological
114671,Slice of Life
106098,Comedy
106098,Fantasy
106098,Romance
105688,Slice of Life
105263,Action
105263,Comedy
105263,Horror
105263,Sci-Fi
105097,Comedy
105097,Horror
105097,Slice of Life
105097,Supernatural
104664,Action
104664,Adventure
104664,Comedy
104664,Fantasy
101521,Action
101521,Adventure
101521,Fantasy
97812,Drama
97812,Music
97812,Romance
86300,Comedy
86300,Romance
86300,Slice of Life
85395,Comedy
85395,Romance
85395,Sports
56441,Action
56441,Adventure
56441,Fantasy
56441,Romance
46668,Action
46668,Adventure
46668,Comedy
46668,Fantasy
35255,Comedy
35255,Drama
35255,Romance
33102,Drama
33102,Romance
31067,Drama
31067,Psychological
173343,Music
173343,Slice of Life
160454,Drama
159009,Drama
159009,Fantasy
159009,Psychological
159009,Romance
154349,Action
154349,Comedy
154349,Drama
154349,Romance
151909,Comedy
151909,Horror
151909,Romance
151909,Supernatural
144957,Action
144957,Adventure
144957,Drama
144957,Fantasy
144957,Mystery
140495,Comedy
140495,Romance
137816,Romance
136177,Drama
136177,Romance
134456,Comedy
134456,Drama
134456,Romance
130606,Comedy
130606,Drama
130606,Hentai
130606,Romance
130606,Slice of Life
129341,Romance
129341,Slice of Life
129341,Supernatural
126292,Drama
126292,Romance
126292,Slice of Life
122653,Drama
122653,Romance
111116,Action
111116,Comedy
111116,Drama
111116,Romance
105011,Comedy
105011,Drama
105011,Ecchi
105011,Romance
104617,Action
104617,Adventure
104617,Comedy
104617,Fantasy
104617,Slice of Life
100342,Romance
95041,Drama
95041,Mystery
95041,Psychological
95041,Romance
95041,Supernatural
86639,Drama
86639,Romance
86639,Slice of Life
74711,Action
74711,Fantasy
74711,Supernatural
51479,Action
51479,Adventure
51479,Fantasy
51479,Romance
51479,Sci-Fi
43949,Action
43949,Comedy
43949,Ecchi
43949,Romance
41425,Action
41425,Sports
37728,Drama
37728,Supernatural
34305,Supernatural
31092,Action
31092,Comedy
31092,Romance
31092,Slice of Life
30676,Adventure
30676,Comedy
30676,Drama
30676,Fantasy
180121,Romance
158672,Drama
151808,Action
151808,Comedy
151808,Slice of Life
145168,Comedy
145168,Psychological
145168,Romance
145168,Supernatural
144599,Fantasy
133809,Romance
133809,Slice of Life
130229,Action
130229,Horror
130229,Psychological
130229,Supernatural
130229,Thriller
114416,Comedy
114416,Ecchi
114416,Romance
114416,Slice of Life
113352,Comedy
113352,Romance
113352,Slice of Life
112378,Comedy
112378,Slice of Life
105913,Adventure
105913,Fantasy
105913,Slice of Life
96775,Fantasy
96775,Slice of Life
87027,Action
87027,Drama
87027,Fantasy
53947,Action
53947,Fantasy
53947,Horror
53947,Supernatural
52044,Drama
52044,Fantasy
52044,Mystery
52044,Romance
52044,Supernatural
51277,Drama
51277,Romance
51277,Slice of Life
31131,Action
31131,Drama
31131,Psychological
30105,Action
30105,Adventure
30105,Fantasy
30105,Romance
30105,Supernatural
180335,Action
180335,Fantasy
180335,Mahou Shoujo
174233,Action
174233,Adventure
174233,Drama
174233,Fantasy
170755,Adventure
170755,Sci-Fi
161477,Drama
161477,Psychological
161477,Romance
150378,Action
150378,Fantasy
150378,Supernatural
144006,Drama
144006,Romance
144006,Sports
141124,Drama
134556,Comedy
134556,Fantasy
134556,Romance
134556,Supernatural
128393,Comedy
128393,Romance
127683,Comedy
127683,Drama
127683,Mystery
127683,Psychological
127683,Romance
127683,Supernatural
125624,Comedy
125624,Drama
125624,Romance
125624,Slice of Life
125624,Supernatural
112978,Horror
112978,Mystery
112978,Psychological
112978,Supernatural
