id,title_romaji,title_english,average_score,genres,start_year,status,chapters,volumes,staff_names
30002,Berserk,Berserk,93,"Action, Adventure, Drama, Fantasy, Horror, Psychological",1989,RELEASING,,,"Kentarou Miura, Kouji Mori, Studio Gaga, Marc Bernabé, Paweł Dybała, Drik Sada, Duane Johnson, Jason DeAngelis, David Deleule, René-Gilles Deberdt, Dan Nakrosis, John Schmitt-Weigand, Diego Rodeguero, Alp İlkkurşun, Gönül Öztopuz, Diógenes Dih, Ricardo Santana"
31706,JoJo no Kimyou na Bouken: Steel Ball Run,JoJo's Bizarre Adventure: Part 7–Steel Ball Run,92,"Action, Adventure, Drama, Mystery, Supernatural",2004,FINISHED,95.0,24.0,"Yasuki Tanaka, Hirohiko Araki, Hiroshi Shiibashi, Hideo Shinkai, Kousuke Kurose, Yoshihisa Heishi, Ryou Itou, Karen Hayashida, Beatriz Poszar"
30656,Vagabond,Vagabond,92,"Action, Adventure, Drama",1998,RELEASING,,,"Takehiko Inoue, Eiji Yoshikawa, Yasuhisa Hara, Katsumi Tatsuzawa, Steve Dutro, Yuji Oniki, Beth Kodama, Dirce Miyamura, Miriam Tomi, Agustín Gomez Sanz, Jacques Lalloz, Gustavo Figueiredo, Bruno Zago, Cassius Medaur, Marcelo Del Greco"
30013,ONE PIECE,One Piece,91,"Action, Adventure, Comedy, Fantasy",1997,RELEASING,,,"Eiichirou Oda, Tatsuma Eijiri, Shinya Suzuki, Mikio Itou, Katsunori Matsui, Yuusaku Shibata, Haruto Ikezawa, Ryou Ishiyama, Tsunehiro Date, Takamasa Moue, Masaoki Shindou, Ei Andou, Yoshikazu Amami, Midori Matsuda, Daiki Ihara, Kouhei Oonishi, Naoki Kawashima, Taku Sugita, Susan Daigle-Leach, Terje Nordberg, Stephen Paul, Paweł Dybała, Drik Sada, Felipe Monte, Josef Shanel"
64053,Umineko no Naku Koro ni Chiru Episode 8: Twilight of the Golden Witch,Umineko When They Cry Episode 8: Twilight of the Golden Witch,91,"Drama, Fantasy, Mystery, Supernatural",2012,FINISHED,42.0,9.0,"Kei Natsumi, Ryukishi07, Stephen Paul, Abigail Blackman"
30001,MONSTER,Monster,91,"Drama, Mystery, Psychological, Thriller",1994,FINISHED,162.0,18.0,"Naoki Urasawa, Yasushi Hoshino, Marc Bernabé, Thibaud Desbief, Camellia Nieh, Steve Dutro, Dirce Miyamura, Verónica Calafell, Les Travaux d'Hercule, Anne Bidault"
30642,Vinland Saga,Vinland Saga,90,"Action, Adventure, Drama",2005,FINISHED,220.0,29.0,"Makoto Yukimura, Scott Brown, Marc Bernabé, Stephen Paul, Christian Biscaro, Xavière Daumarie, Edoardo Serino, Beatriz Poszar, Lídia Ivasa, Beth Kodama, Hirofumi Yamada, Yifeng Zhang, Bruno Zago, Diógenes Dih, Camila Cysneiros"
30051,SLAM DUNK,Slam Dunk,90,"Comedy, Drama, Sports",1990,FINISHED,276.0,31.0,"Takehiko Inoue, Katsumi Tatsuzawa, Drik Sada, Beth Kodama, Agustín Gomez Sanz, Gustavo Figueiredo, Joel Dias, Phueak, Diógenes Dih, Tomoyuki Shima, Martin Gericke, Victor Barbosa"
74489,Houseki no Kuni,Land of the Lustrous,89,"Action, Drama, Fantasy, Mystery, Psychological, Sci-Fi",2012,FINISHED,108.0,13.0,"Haruko Ichikawa, Alethea Nibley, Athena Nibley, Anne-Sophie Thevenon, Anne Demars, Cát Tường, Yasuko Tojo, Thomas Lameth"
30025,Hagane no Renkinjutsushi,Fullmetal Alchemist,89,"Action, Adventure, Comedy, Drama, Fantasy",2001,FINISHED,116.0,27.0,"Hiromu Arakawa, Kyu Aiya, Hikaru Miyoshi, Jun Tokou, Manatsu Suzuki, Sankichi Hinodeya, Masanari Yuzuka, Asashi Mizutani, Keisui Takaeda, Annette Nordheim, Steve Dutro, Paweł Dybała, Karen Hayashida, Luiz Kobayashi, Hope Donovan, Thiago Nojiri, Wayne Truman, Simon Hammar, Giang Huong, Akira Watanabe, Yuren Fang, Cassius Medaur, Marcelo Del Greco"
110992,Fata Morgana no Yakata: Anata no Genten ni Itaru Monogatari,,89,"Drama, Horror, Mystery, Supernatural",2014,FINISHED,21.0,5.0,"Keika Hanada, Moyataro"
30657,Real,Real,89,"Drama, Psychological, Sports",1999,RELEASING,,,"Takehiko Inoue, Yuuichi Itakura, Yasuhisa Hara, Katsumi Tatsuzawa, Thibaud Desbief, Sandra Fujishiro, Walden Wong"
140407,Yeokdaegeum Yeongji Seolgyesa,The Greatest Estate Developer,89,"Adventure, Comedy, Fantasy",2021,RELEASING,,,"Hyeon-Min Lee, Baek-Gyeong Mun, Hyeon-Su Kim"
46765,Kingdom,Kingdom,89,"Action, Drama",2006,RELEASING,,,"Yasuhisa Hara, Sui Ishida, Toshimitsu Matsubara, Tooru Hakoishi, Kasahara Masaki, Kouhei Tajika, Rina Mapa, Stephen Paul, Nathan Collins, Phúc Trần, Quế Nguyệt, Rae First, Natsuo Shouji, Natsume Umemoto"
113869,Honzuki no Gekokujou: Shisho ni Naru Tame ni wa Shudan wo Erandeiraremasen Dai 5-bu - Megami no Keshin,Ascendance of a Bookworm: Part 5,89,"Fantasy, Slice of Life",2020,FINISHED,256.0,12.0,"You Shiina, Miya Kazuki, Quof, Kieran Redgewell, Jinyu Xu, Meiru"
65243,Haikyuu!!,Haikyu!!,89,"Comedy, Drama, Sports",2012,FINISHED,404.0,45.0,"Haruichi Furudate, Atsushi Namikiri, Tasuku Sugie, Yumiya  Tashiro, Ryouta Ikeda, Adrienne Beck, Christian Biscaro, Edoardo Serino, Erika Terriquez, Sandra Nogués Graell, Renata Leitão, Ruyuha Kyouka, Rae First, Etsuko Tabuchi, Florian Weitschies, Aleksandra Stawska"
87395,Grand Blue,Grand Blue Dreaming,88,"Comedy, Romance, Slice of Life, Sports",2014,RELEASING,,,"Kenji Inoue, Kimitake Yoshioka, Jan Ivan Concepcion, Adam Hirsch, Dariusz Latoś"
31303,Ashita no Joe,Ashita no Joe: Fighting for Tomorrow,88,"Drama, Slice of Life, Sports",1968,FINISHED,171.0,20.0,"Ikki Kajiwara, Sanbanchi Kawa, Tetsuya Chiba, Akio Chiba, Teruo Miyahara, Marc Bernabé"
135129,Vagabond: Saigo no Manga-ten,,88,"Action, Drama, Psychological",2008,FINISHED,2.0,2.0,Takehiko Inoue
30104,Yotsuba to!,Yotsuba&!,88,"Comedy, Slice of Life",2003,RELEASING,,,"Kiyohiko Azuma, Stephen Paul, Amy Forsyth, Eve Chauviré, Anna Piechowiak, Marcus Wehner, Véronique Pérez"
98361,Mikkakan no Koufuku,Three Days of Happiness,88,"Drama, Psychological, Romance, Slice of Life, Supernatural",2013,FINISHED,15.0,1.0,"Sugaru Miaki, E9L, Stephen Paul"
143726,Koimonogatari,Koimonogatari: Love Tale,88,"Action, Comedy, Drama, Psychological, Supernatural",2011,FINISHED,39.0,1.0,"NISIOISIN, VOFAN, Daniel Joseph"
143701,Kizumonogatari,Kizumonogatari: Wound Tale,88,"Action, Mystery, Romance, Supernatural",2008,FINISHED,18.0,1.0,"NISIOISIN, VOFAN, Ko Ransom"
53751,Nekomonogatari: Shiro,Nekomonogatari: Cat Tale (White),88,"Comedy, Mystery, Psychological, Romance, Supernatural",2010,FINISHED,40.0,1.0,"NISIOISIN, VOFAN, Ko Ransom"
34632,Oyasumi Punpun,Goodnight Punpun,88,"Drama, Psychological, Slice of Life",2007,FINISHED,147.0,13.0,"Inio Asano, Hiro Kashiwaba, Marc Bernabé, Thibaud Desbief, Edward Kondo, Annaliese Christman, JN Productions, Sakura Ilgert"
30028,NANA,Nana,88,"Drama, Music, Romance, Slice of Life",2000,RELEASING,,,"Ai Yazawa, Tomo Kimura, Sabrina Heep, Ayako Koike, Trait pour Trait, Hilal Öndoğan, Koji Goto, Simona Maccaroni, My Bergström, Sahé Cibot, Anna Piechowiak"
98610,86: Eighty Six,86―EIGHTY-SIX,88,"Action, Drama, Mecha, Sci-Fi",2017,RELEASING,,,"Shirabi, Asato Asato, Yukio Reuter, I-IV, Roman Lempert, Kiyose Takao, Tomoki Tsuchiya, Thithat Chinuang, Chotika Siphurichanya, Tabata"
30003,20 Seiki Shounen,20th Century Boys,88,"Drama, Mystery, Psychological, Sci-Fi, Thriller",1999,FINISHED,249.0,22.0,"Naoki Urasawa, Marc Bernabé, Akemi Wegmüller, Josef Shanel, Matthias Wissnet, Freeman Wong, Elza Keiko, Dirce Miyamura, Roberto Pesci, Vincent Zouzoulkovsky, Nicola Spano, Ram One, Eduardo Solé, Verónica Calafell, Sipei Yu"
140475,Kaoru Hana wa Rin to Saku,The Fragrant Flower Blooms With Dignity,88,"Comedy, Drama, Romance",2021,RELEASING,,,"Saka Mikami, Manon Debienne, Sayaka Okada, Fabian Kraft, KOSUKEN, Diógenes Dih, Diógenes Dih"
30026,HUNTER×HUNTER,Hunter x Hunter,88,"Action, Adventure, Comedy, Fantasy",1998,RELEASING,,,"Yoshihiro Togashi, Naoko Takeuchi, Katsunori Matsui, Kouhei Oonishi, Kengo Monji, Mark Griffin, Marc Bernabé, Thibaud Desbief, Eric Montesinos, Lillian Olsen, Kousuke Yahagi, Kouji Yoshida, Yuu Saitou, HudsonYards, Mark McMurray, Ayako Koike, Rica Sakata, Liên Vũ, Anna Wrzesiak, Rodolphe Gicquel, Hirofumi Yamada, Takahiro Habuta, Kouji Onodera, Songyuu Kim, Marcelo Del Greco"
86635,Kaguya-sama wa Kokurasetai: Tensaitachi no Renai Zunousen,Kaguya-sama: Love is War,88,"Comedy, Psychological, Romance, Slice of Life",2015,FINISHED,281.0,28.0,"Aka Akasaka, Tomo Kimura, Emi Louie-Nishikawa, Caio Suzuki, Emilio Ros Casas, Marylou Leclerc, Ninh Di, Dariusz Latoś"
86082,Dungeon Meshi,Delicious in Dungeon,88,"Adventure, Comedy, Drama, Fantasy",2014,FINISHED,111.0,14.0,"Ryouko Kui, Marc Bernabé, Taylor Engel, Sébastien Ludmann, Felipe Monte, Claudia Peter, Wang, Abigail Blackman, Sandro Cecchi, Massimiliano Lucidi, Hinoko, Đan Ngô, Nixuan Li"
85470,Mushoku Tensei: Isekai Ittara Honki Dasu,Mushoku Tensei: Jobless Reincarnation,88,"Adventure, Drama, Ecchi, Fantasy",2014,FINISHED,334.0,26.0,"Rifujin na Magonote, Sirotaka, Alyssa Orton-Niioka, Kevin Frane, Paul Cuneo, Soraphong Kitbunchaporn, airco, Sylvia Gallagher, Melanie Höpfler, Anemone Bauer"
31224,3-gatsu no Lion,March Comes in Like a Lion,88,"Drama, Slice of Life",2007,RELEASING,,,"Chica Umino, Ryou Tomoda, Caio Suzuki, Suzu Kawashima, Kinga Zielińska, Giang Huong, Xingjun Cai, Hibiki Tatsumi"
75143,Kono Oto Tomare!,,87,"Drama, Music, Romance",2012,RELEASING,,,"Amyuu Sakura, Aline Kukor, Tom Bertrand, Nixuan Li"
85737,Re:Zero kara Hajimeru Isekai Seikatsu,Re:ZERO -Starting Life in Another World-,87,"Action, Adventure, Drama, Fantasy, Psychological, Romance, Thriller",2014,RELEASING,,,"Tappei Nagatsuki, Shinichirou Ootsuka, ZephyrRz, Jeremiah Bourque, Thiago Nojiri, Onusa Ungsriwong, Nut Rittrairat, Karolina Dwornik, Monchanok Makbunprasit, Gabriela Takahashi, Yoan Giraud, Lucyna Wawrzyniak"
53900,Umineko no Naku Koro ni Chiru Episode 7: Requiem of the Golden Witch,Umineko When They Cry Episode 7: Requiem of the Golden Witch,87,"Drama, Mystery, Psychological, Supernatural, Thriller",2011,FINISHED,48.0,9.0,"Eita Mizuno, Ryukishi07, Stephen Paul, Abigail Blackman"
44893,Bakemonogatari,Bakemonogatari: Monster Tale,87,"Action, Mystery, Romance, Supernatural",2006,FINISHED,41.0,2.0,"NISIOISIN, VOFAN, Ko Ransom, Thu Hiền, Thu Hà"
143838,Kubishime Romanticist: Ningen Shikkaku - Zerozaki Hitoshiki,Strangulation: Kubishime Romanticist,87,"Comedy, Mystery, Psychological",2002,FINISHED,9.0,1.0,"NISIOISIN, Take"
37375,Kokou no Hito,The Climber,87,"Adventure, Drama, Psychological, Sports",2007,FINISHED,170.0,17.0,"Shinichi Sakamoto, Hiroshi Takano, Shinya Komi, Jirou Nitta, John Werry, Joanna Estep, Yoshio Nabeta, Maria Diaz"
85135,Koe no Katachi,A Silent Voice,87,"Drama, Romance, Slice of Life",2013,FINISHED,64.0,7.0,"Yoshitoki Ooima, Steven LeCroy, Denis Kimura, Géraldine Oudin, Christine Steinle, Salomón Doncel-Moriano Urbano, Hinoko, Tomasz Molski, Sayuri Tanamate"
30007,Hajime no Ippo,Hajime no Ippo: Fighting Spirit!,87,"Action, Comedy, Drama, Sports",1989,RELEASING,,,"Kentarou Miura, George Morikawa, Yuuji Ninomiya, Diógenes Dih"
118586,Sousou no Frieren,Frieren: Beyond Journey’s End,87,"Adventure, Drama, Fantasy",2020,RELEASING,,,"Kanehito Yamada, Tsukasa Abe, Géraldine Oudin, Annaliese Christman, Katsumasa Ogura, Misa, Hilal Öndoğan, Martyna Zdonek, Hironobu Yoshinaka, Jan Kuhn"
116170,Veil,Veil,87,"Romance, Slice of Life",2018,RELEASING,,,"Ikumi Fukuda, Jocelyne Allen, Miyuki Tsuji, Patrick Honnoré, Yukari Maeda, Kévin Druelle"
110802,Honzuki no Gekokujou: Shisho ni Naru Tame ni wa Shudan wo Erandeiraremasen Dai 4-bu - Kizoku-in no Jishou Tosho Iin,Ascendance of a Bookworm: Part 4,87,"Fantasy, Slice of Life",2017,FINISHED,209.0,9.0,"You Shiina, Miya Kazuki, Quof, Kieran Redgewell, Meiru"
51525,Akatsuki no Yona,Yona of the Dawn,87,"Action, Adventure, Drama, Fantasy, Romance",2009,RELEASING,,,"Mizuho Kusanagi, Lys Blakeslee, JN Productions, Sandra Nogués Graell, Verena Maser, Ruyuha Kyouka"
112275,Tian Guan Ci Fu,Heaven Official's Blessing,87,"Adventure, Drama, Fantasy, Romance",2019,RELEASING,,,"Mo Xiang Tong Xiu, STARember, Bai Meng She"
118371,Medalist,Medalist,87,"Drama, Psychological, Sports",2020,RELEASING,,,"Ikada Tsuruma, Nori Arashiyama, Hiro Nagimatsu"
39115,Ookami to Koushinryou,Spice & Wolf,87,"Adventure, Drama, Fantasy, Romance, Supernatural",2006,RELEASING,,,"Isuna Hasekura, Juu Ayakura, Paul Starr, Jeremiah Bourque, Jasmine Bernhardt, Guanfen Lin"
143747,Owarimonogatari,Owarimonogatari: End Tale,86,"Drama, Mystery, Psychological, Romance, Supernatural",2013,FINISHED,117.0,3.0,"NISIOISIN, VOFAN, Ko Ransom"
30336,GTO,GTO: Great Teacher Onizuka,86,"Action, Comedy, Drama, Ecchi",1997,FINISHED,208.0,25.0,"Shin Kibayashi, Rando Ayamine, Tooru Fujisawa, Hirotoshi Kurita, Dynamic Tarou, Kiichirou Sugawara, Toshihiro Miura, Toshimi Horikawa, Chung-hyun Park"
30081,ARIA,Aria,86,"Adventure, Comedy, Drama, Fantasy, Sci-Fi, Slice of Life",2002,FINISHED,67.0,12.0,"Kozue Amano, Elina Ishikawa, Sayaka Gojou"
143841,Hitokui Magical: Satsuriku Kijutsu no Niounomiya Kyoudai,,86,"Drama, Mystery, Psychological, Thriller",2003,FINISHED,11.0,1.0,"NISIOISIN, Take"
99026,Kusuriya no Hitorigoto,The Apothecary Diaries,86,"Drama, Mystery",2014,RELEASING,,,"Natsu Hyuuga, Touko Shino, Kevin Steinbach, Lun Ke"
89278,Tobaku Datenroku Kaiji: One Poker-hen,,86,"Drama, Psychological, Thriller",2013,FINISHED,155.0,16.0,Nobuyuki Fukumoto
43245,Chihayafuru,Chihayafuru,86,"Drama, Romance, Sports",2007,FINISHED,248.0,50.0,"Yuki Suetsugu, Fédoua Lamodière, Ko Ransom"
30044,Gintama,Gin Tama,86,"Action, Comedy, Drama, Sci-Fi",2003,FINISHED,709.0,77.0,"Hideaki Sorachi, Kenta Shinohara, Youichi Amano, Tsunehiro Date, Kentarou Itani, Sukeyuki Honda, Kouhei Oonishi, Marc Bernabé, Yuu Saitou, Matthew Rosin, Averil Averill, Freeman Wong, Atsushi Nakazaki, Mokey King, Trang Nguyễn, Takuma Naitou, Takeru Isaka, Osamu Matsuo, Ren Manabe"
187189,Eommareul Mannareo Ganeun Gil,On the Way to Meet Mom,86,"Action, Adventure, Fantasy, Slice of Life",2024,RELEASING,,2.0,"Gomyang, AHN2EE"
117620,Kimi to Tsuzuru Utakata,The Summer You Were There,86,"Drama, Psychological, Romance",2020,FINISHED,32.0,6.0,"Yuama, Elena Pizarro Lanzas, Verena Maser, Margaret Ngo"
98263,Tongari Boushi no Atelier,Witch Hat Atelier,86,"Adventure, Drama, Fantasy",2016,RELEASING,,,"Kamome Shirahama, Fédoua Lamodière, Lys Blakeslee, Beatriz Poszar, Lídia Ivasa, Stephen Kohler, Judit Moreno, Antonio Valdez, Verónica Calafell, Shuji Takizawa, Liên Vũ, Soraphong Kitbunchaporn, Chuanyu Wei"
86559,Golden Kamuy,Golden Kamuy,86,"Action, Adventure, Comedy, Drama",2014,FINISHED,314.0,31.0,"Satoru Noda, Hakkou Ookuma, John Werry, Sébastien Ludmann, Maite Madinabeitia, Eiji Yasuda, Steve Dutro, Steve Dutro, Lídia Ivasa, Beth Kodama, Gabriela Kato, Eugenio Uzhinin, Diógenes Dih, Siyu Lai, Danilo de Assis"
107279,Aoashi,Aoashi,86,Sports,2015,FINISHED,410.0,40.0,"Naohiko Ueno, Yuugo Kobayashi, Anaïs Koechlin"
85412,Shoujo Shuumatsu Ryokou,Girls' Last Tour,86,"Adventure, Sci-Fi, Slice of Life",2014,FINISHED,47.0,6.0,"Tsukumizu, Amanda Haley, Abigail Blackman, Florent Gorges, Gabriela Takahashi"
119247,Uma Musume: Cinderella Gray,,86,"Drama, Sports",2020,RELEASING,,,"Yousuke Kabashima, Pierre Sugiura, Taiyou Kuzumi"
94970,Youkoso Jitsuryoku Shijou Shugi no Kyoushitsu e,Classroom of the Elite,86,"Drama, Psychological, Slice of Life, Thriller",2015,FINISHED,110.0,14.0,"Shunsaku Tomose, Shougo Kinugasa, Chatkhwan Adisai, Renita, Aurélie Brun, Timothy MacKenzie"
31133,Dorohedoro,Dorohedoro,86,"Action, Adventure, Comedy, Fantasy, Horror, Mystery",2000,FINISHED,191.0,23.0,"Q Hayashida, Sylvain Chollet, Anne Demars, Gabriel Álvarez Martínez, Matt Alt, Hiroko Yoda, Dariusz Latoś, Sascha Mandler"
130080,Bungou Stray Dogs: STORM BRINGER,Bungo Stray Dogs: Storm Bringer,86,"Action, Drama, Mystery, Supernatural",2021,FINISHED,6.0,1.0,"Kafka Asagiri, Harukawa35, Matthew Rutsohn"
39982,Usogui,,86,"Action, Psychological, Thriller",2006,FINISHED,539.0,49.0,Toshio Sako
30145,BECK,BECK,86,"Comedy, Drama, Music, Romance, Slice of Life",2000,FINISHED,103.0,34.0,"Harold Sakuishi, John K. Pe-Ta, Chikara Sakuma, SP Nakatema , Nobuyuki Manaka, Diógenes Dih"
115166,Youkoso Jitsuryoku Shijou Shugi no Kyoushitsu e: 2-nensei-hen,Classroom of the Elite: Year 2,86,"Drama, Psychological, Thriller",2020,FINISHED,130.0,15.0,"Shunsaku Tomose, Shougo Kinugasa, Chatkhwan Adisai, Timothy MacKenzie"
109285,Skip to Loafer,Skip and Loafer,86,"Comedy, Romance, Slice of Life",2018,RELEASING,,,"Misaki Takamatsu, Nicole Frasik, Christine Minutoli, Vanessa Satone, Lucas dos Santos Cabral"
54875,Shinyaku Toaru Majutsu no Index,A Certain Magical Index NT,86,"Action, Comedy, Fantasy, Sci-Fi",2011,FINISHED,183.0,23.0,"Kazuma Kamachi, Kiyotaka Haimura, Alice Prowse"
44483,Uchuu Kyoudai,Space Brothers,86,"Sci-Fi, Slice of Life",2007,RELEASING,,46.0,"Chuuya Koyama, Adam Lensenmayer, William Flanagan, Christine Dashiell, Christian Biscaro, Ernesto Cellie, Laura Wyrick, Baldassarre Minopoli, Teishirou, Phuong, Jiaxiang Xu"
119257,Jeonjijeok Dokja Sijeom,Omniscient Reader,86,"Action, Adventure, Fantasy",2020,RELEASING,,,"Singsyong, Sleepy-C, UMI, Geomnem, Jessica Walther"
107237,Blue Period,Blue Period,86,"Drama, Slice of Life",2017,RELEASING,,,"Tsubasa Yamaguchi, Ajani Oloye, Jesús Espí, Tommaso Ghirlanda, Nathalie Lejeune, Brigitte Dubois, Karolina Dwornik, Ukato Mai, Tama Duy Ngoc"
97553,"Jumyou wo Kaitotte Moratta. Ichinen ni Tsuki, Ichimanen de.",,86,"Drama, Psychological, Romance, Supernatural",2016,FINISHED,18.0,3.0,"Shouichi Taguchi, Shouichi Taguchi, Sugaru Miaki, E9L, Minh Quang"
110801,Honzuki no Gekokujou: Shisho ni Naru Tame ni wa Shudan wo Erandeiraremasen Dai 3-bu - Ryoushu no Youjo,Ascendance of a Bookworm: Part 3,86,"Fantasy, Slice of Life",2016,FINISHED,117.0,5.0,"You Shiina, Miya Kazuki, Quof, Kieran Redgewell, Meiru"
106331,Ikoku Nikki,,86,"Drama, Slice of Life",2017,FINISHED,57.0,11.0,"Tomoko Yamashita, Pascale Simon, Eric Montesinos, Sign*, Lan Qiu Wan"
86218,Yagate Kimi ni Naru,Bloom Into You,86,"Drama, Romance, Slice of Life",2015,FINISHED,53.0,8.0,"Nio Nakatani, Jenny McKeon, Aline Kukor, Karen Hayashida, Agnès Pérez Massegú, Lasse Christiansen, Sara Manasterska, Jiarong Jiang, Jia Yun, Xiangbei Zheng, CK Russell"
30004,Yokohama Kaidashi Kikou,Yokohama Kaidashi Kikou,86,"Sci-Fi, Slice of Life",1994,FINISHED,144.0,14.0,"Hitoshi Ashinano, Daniel Komen, Ludwig Sacramento"
174875,Kimi ni Okuru Eien,,85,"Drama, Psychological, Romance",2024,FINISHED,1.0,1.0,Yuama
110800,Honzuki no Gekokujou: Shisho ni Naru Tame ni wa Shudan wo Erandeiraremasen Dai 2-bu - Shinden no Miko Minarai,Ascendance of a Bookworm: Part 2,85,"Fantasy, Slice of Life",2015,FINISHED,105.0,4.0,"You Shiina, Miya Kazuki, Quof, Kieran Redgewell, Meiru"
92936,Umineko no Naku Koro ni Chiru Episode 5: End of the Golden Witch,,85,"Drama, Fantasy, Horror, Mystery",2012,FINISHED,,2.0,"Ryukishi07, Tomohi"
86569,Diamond no Ace Act II,Ace of the Diamond Act II,85,"Slice of Life, Sports",2015,FINISHED,308.0,34.0,Yuuji Terajima
187944,Nae Choeaeneun Makchareul Tanda,My Bias Gets on the Last Train,85,"Drama, Romance",2024,RELEASING,,,JIXKSEE
114998,Bungou Stray Dogs BEAST,Bungo Stray Dogs Beast,85,"Action, Drama, Mystery, Supernatural",2019,FINISHED,22.0,4.0,"Kafka Asagiri, Harukawa35, Shiwasu Hoshikawa, Kevin Gifford, Bianca Pistillo, Karolina Dwornik"
105778,Chainsaw Man,Chainsaw Man,85,"Action, Comedy, Drama, Horror, Supernatural",2018,RELEASING,,,"Tatsuki Fujimoto, Hanachika Toyama, Norihito Sasaki, Sabrina Heep, Yukinobu Tatsu, Sébastien Ludmann, Amanda Haley, Felipe Monte, Judit Moreno, Emilio Ros Casas, Erwan Lossois, Sou Nishida, Jun Nagatsuki, Shihei Lin, Si-Nae Kim, Wojciech Gęszczak, Ili Tenjou, Judith Rodríguez, Yoshino Tsukasa, Paulo Kutscher"
99022,Kusuriya no Hitorigoto,The Apothecary Diaries,85,"Drama, Mystery",2017,RELEASING,,,"Natsu Hyuuga, Erika Ikeda, Touko Shino, Itsuki Nanao, Géraldine Oudin, Clair Obscur, Julie Goniwich, Lidwina Leung, Sara Manasterska, Lun Ke, Katarzyna Szelenbaum"
119521,Bukgeom Jeongi,The Legend of the Northern Blade,85,"Action, Adventure, Fantasy",2019,FINISHED,202.0,,"U-Gak, Hae-Min, Son"
106929,Eleceed,Eleceed,85,"Action, Comedy, Supernatural",2018,RELEASING,,,"Hye-Jin Kim, Jae-Ho Son"
30418,Mushishi,Mushishi,85,"Drama, Fantasy, Mystery, Slice of Life, Supernatural",1999,FINISHED,50.0,10.0,"Yuki Urushibara, William Flanagan, Olinda Cordukes"
100568,Supyeongseon,The Horizon,85,"Adventure, Drama, Psychological",2016,FINISHED,21.0,3.0,"Ji-Hun Jeong, Abigail Blackman"
41054,Billy Bat,Billy Bat,85,"Drama, Mystery, Supernatural, Thriller",2008,FINISHED,165.0,20.0,"Naoki Urasawa, Takashi Nagasaki, Sylvain Chollet, Verónica Calafell, Jiaxiang Xu, Yvonne Gerstheimer"
30651,Kaze no Tani no Nausicaä,Nausicaä of the Valley of the Wind,85,"Action, Adventure, Drama, Fantasy, Sci-Fi",1982,FINISHED,59.0,7.0,"Hayao Miyazaki, Marc Bernabé, Nacha Medrano, Dirce Miyamura, Miriam Tomi, Miho Sasamori, Marcelo Del Greco, Júlio Moreno"
85189,Mob Psycho 100,Mob Psycho 100,85,"Action, Comedy, Drama, Psychological, Slice of Life, Supernatural",2012,FINISHED,113.0,16.0,"ONE, koya, Kumar Sivasubramanian, Felipe Monte, Pablo Tschopp, Lasse Christiansen, Mokey King, Trang Nguyễn, Nathalia Ferreyra, Diógenes Dih"
74347,One Punch-Man,One-Punch Man,85,"Action, Comedy, Sci-Fi, Supernatural",2012,RELEASING,,,"Yuusuke Murata, ONE, Natsuki Kusakabe, Atsushi Nakamura, Hakkou Ookuma, Paweł Dybała, Beatriz Poszar, Lídia Ivasa, John Schmitt-Weigand, Tomoyuki Katou, Chiara Antonelli, Paolo Gattone, Arion Lian Wu, Mokey King, Trang Nguyễn, Jun Matsuura, Genki Miyoshi, Wataru Iwanaga, Miho Iwanaga, Bruno Zago, Bruno Zago, Diógenes Dih, Alessio Ravazzani, Aude Boyer, Ricardo Santana"
70171,Yahari Ore no Seishun Love Come wa Machigatteiru.,"My Youth Romantic Comedy Is Wrong, As I Expected",85,"Comedy, Drama, Romance, Slice of Life",2011,FINISHED,168.0,18.0,"Wataru Watari, Ponkan 8, Jennifer Ward"
31859,Natsume Yuujinchou,Natsume's Book of Friends,85,"Drama, Supernatural",2003,RELEASING,,,"Yuki Midorikawa, Trait pour Trait, Yuki Kakiichi, Tomiko Suzuki, Dariusz Latoś"
30745,PLUTO,Pluto,85,"Drama, Mecha, Mystery, Psychological, Sci-Fi",2003,FINISHED,65.0,8.0,"Naoki Urasawa, Osamu Tezuka, Frederik Schodt, Makoto Tezuka, Takashi Nagasaki, Marc Bernabé, Thibaud Desbief, Beth Kodama, Dirce Miyamura, Jürgen Seebeck, Jared Cook, Verónica Calafell, Radosław Bolałek, Diógenes Dih, Sipei Yu"
146983,Sayonara Eri,"Goodbye, Eri",85,"Drama, Psychological",2022,FINISHED,1.0,1.0,"Tatsuki Fujimoto, Tooru Kuramori, Hanachika Toyama, Kai Kyou, Sébastien Ludmann, Amanda Haley, Beatriz Poszar, Felipe Monte, Snir Aharon, Gandalf Bartholomäus, Yoshimura Misaki, Sou Nishida, Agnieszka Zychma, Atsuka Yamagata"
100805,Here U Are,Here U Are,85,"Drama, Romance, Slice of Life",2017,FINISHED,157.0,,DJUN
86551,Made in Abyss,Made in Abyss,85,"Adventure, Drama, Fantasy, Horror, Sci-Fi",2012,RELEASING,,,"Akihito Tsukushi, Beni Axia Conrad, Karen Hayashida, Vincent Zouzoulkovsky, James Gaubatz, Damián Gaggero, Miro, Đan Ngô"
85849,ReLife,ReLIFE,85,"Comedy, Drama, Psychological, Romance, Slice of Life",2013,FINISHED,238.0,15.0,"Sou Yayoi, Sakura Ilgert"
126986,Jibi Eopseo,,85,"Comedy, Drama, Slice of Life, Supernatural",2018,FINISHED,269.0,,Wanan
123125,Bungou Stray Dogs BEAST,Bungo Stray Dogs: BEAST,85,"Action, Drama, Mystery, Supernatural",2019,FINISHED,4.0,1.0,"Kafka Asagiri, Harukawa35, Matthew Rutsohn"
105388,Yagate Kimi ni Naru Saeki Sayaka ni Tsuite,Bloom Into You: Regarding Saeki Sayaka,85,"Drama, Romance",2018,FINISHED,9.0,3.0,"Hitoma Iruma, Nio Nakatani, Nio Nakatani, Jan Cash, Vincent Castaneda, Yang He"
86099,Wind Breaker,Wind Breaker,85,"Action, Comedy, Drama, Romance, Sports",2013,CANCELLED,554.0,,Yong-Seok Jo
41514,Otoyomegatari,A Bride's Story,85,"Drama, Romance, Slice of Life",2008,RELEASING,,,"Kaoru Mori, William Flanagan, Yohan Leclerc, Abigail Blackman, Roberta Tiberi, Massimo Soumaré, Sandro Cecchi"
30904,Kozure Ookami,Lone Wolf and Cub,85,"Action, Drama",1970,FINISHED,142.0,28.0,"Kazuo Koike, Goseki Kojima, Drik Sada, Beatriz Poszar, Beth Kodama, Geni Bigas, Yayoi Kagoshima, Gustavo Figueiredo, Joel Dias, Cezary Komorowicz, Paweł Olejniczak, Bruno Zago, Ricardo Santana, Danilo de Assis"
121565,Cheongchun Blossom,Seasons of Blossom,85,"Comedy, Drama, Romance",2020,FINISHED,130.0,12.0,"NEMONE, HONGDUCK"
87383,Honzuki no Gekokujou: Shisho ni Naru Tame ni wa Shudan wo Erandeiraremasen Dai 1-bu - Heishi no Musume,Ascendance of a Bookworm: Part 1,85,"Fantasy, Slice of Life",2015,FINISHED,85.0,3.0,"You Shiina, Miya Kazuki, Quof, Meiru"
132288,Hirayasumi,Hirayasumi,85,"Comedy, Drama, Slice of Life",2021,RELEASING,,,"Keigo Shinzo, Jan Cash, Sylvain Chollet"
91170,Seishun Buta Yarou wa Bunny Girl Senpai no Yume wo Minai,Rascal Does Not Dream of Bunny Girl Senpai,85,"Comedy, Psychological, Romance, Supernatural",2014,FINISHED,6.0,1.0,"Hajime Kamoshida, Keiji Mizoguchi, Andrew Cunningham, cherixiu"
143722,Otorimonogatari,Otorimonogatari: Decoy Tale,84,"Comedy, Drama, Mystery, Psychological, Supernatural",2011,FINISHED,24.0,1.0,"NISIOISIN, VOFAN, Ko Ransom"
105398,Na Honjaman Level Up,Solo Leveling,84,"Action, Adventure, Fantasy",2018,FINISHED,201.0,15.0,"Seong-Rak Jang, So-Ryeong Gi, Chu-Gong, Hyeon-Gun, Abigail Blackman, Adrianna Jarzębowska"
51498,Umineko no Naku Koro ni Chiru Episode 5: End of the Golden Witch,Umineko When They Cry Episode 5: End of the Golden Witch,84,"Drama, Fantasy, Horror, Mystery",2010,FINISHED,27.0,6.0,"Ryukishi07, Akitaka, Stephen Paul, Abigail Blackman"
30756,BANANA FISH,Banana Fish,84,"Action, Adventure, Drama, Psychological, Thriller",1985,FINISHED,110.0,19.0,"Akimi Yoshida, Marc Bernabé, Rachel Thorn, Pookie Rolf, Carl Horn, Akemi Wegmüller, Brian Bitler, Avril DaStrada, Zachary Braverman, Peter Averill, Mary Kelleher, Cato, Laurence Belingard, Anna Piechowiak"
110683,"Shokei Shoujo no Virgin Road: Soshite, Kanojo wa Yomigaeru",The Executioner and Her Way of Life,84,"Action, Adventure, Drama, Fantasy",2019,FINISHED,,11.0,"Nilitsu, Mato Satou, Jenny McKeon"
85134,Utsuro no Hako to Zero no Maria,The Empty Box and Zeroth Maria,84,"Action, Mystery, Psychological, Romance, Supernatural, Thriller",2009,FINISHED,254.0,7.0,"Eiji Mikage, Tetsuo, Luke Baker, Thien Thanh, Thuy Tram, Maarubi, Katarzyna Podlipska"
33031,Pandora Hearts,Pandora Hearts,84,"Action, Adventure, Drama, Fantasy, Mystery, Psychological, Supernatural",2006,FINISHED,107.0,24.0,"Jun Mochizuki, Tomo Kimura, Antje Bockel, Ruyuha Kyouka"
30102,Fruits Basket,Fruits Basket,84,"Comedy, Drama, Psychological, Romance, Supernatural",1998,FINISHED,137.0,23.0,"Natsuki Takaya, Alethea Nibley, Sheldon Drzka, Alexis Kirsch, James Lee, Deron Bennett, Yoohae Yang, Bowen Park, Dongjin Oh, Athena Nibley, Sandra Nogués Graell"
132144,Hwasangwihwan,Return of the Blossoming Blade,84,"Action, Adventure, Fantasy",2021,RELEASING,,,"LICO, Biga"
99559,Nogi Wakaba wa Yuusha de Aru,,84,"Drama, Fantasy, Mahou Shoujo, Psychological",2015,FINISHED,22.0,2.0,"Takahiro, BUNBUN, Aoi Akashiro, D.K, JWWorks"
85976,Overlord,Overlord,84,"Action, Adventure, Comedy, Fantasy, Horror, Supernatural",2012,RELEASING,,18.0,"Kugane Maruyama, so-bin, Andrew Cunningham, Emily Balistrieri, Edward Kondo, Yoan Giraud, Anna Piechowiak, Lucas dos Santos Cabral"
85850,19 Tian,,84,"Comedy, Romance, Slice of Life",2014,RELEASING,,,Old Xian
55515,JoJo no Kimyou na Bouken: JoJolion,,84,"Action, Adventure, Drama, Mystery, Supernatural",2011,FINISHED,110.0,27.0,"Hirohiko Araki, Satoshi Yamauchi"
94490,The Fable,The Fable,84,"Action, Comedy, Drama, Romance",2014,FINISHED,240.0,22.0,"Katsuhisa Minami, Thalia Sutton, Arbash Mughal, Adam Hirsch"
35744,Ping Pong,Ping Pong,84,"Drama, Psychological, Sports",1996,FINISHED,55.0,5.0,"Taiyou Matsumoto, Michael Arias, Deron Bennett, Eric Montesinos, Julie Naruse, Yoshiaki Naruse, Juan Scassa"
30698,Shin Seiki Evangelion,Neon Genesis Evangelion,84,"Action, Drama, Mecha, Mystery, Psychological, Sci-Fi",1994,FINISHED,97.0,14.0,"Yoshiyuki Sadamoto, Hideaki Anno, David Ury, John Werry, William Flanagan, Lillian Olsen, Evan Galloway, Mari Morimoto, Drik Sada, Erika Huang, Antje Bockel, Miriam Tomi, Renata Leitão, Bakayaro!, Rafał Rzepka, Simon Hammar, Paolo Buffet, Vincent Leone, Cassius Medaur"
136109,Amayo no Tsuki,The Moon on a Rainy Night,84,"Drama, Romance, Slice of Life",2021,RELEASING,,,"Kuzushiro, Angélique Mariet, KOSUKEN"
101563,Modao Zushi,Grandmaster of Demonic Cultivation: Mo Dao Zu Shi,84,"Action, Adventure, Comedy, Drama, Mystery, Supernatural",2017,FINISHED,259.0,13.0,"Mo Xiang Tong Xiu, Luo Di Cheng Qiu, Karis Page, Meowmeow"
98842,Jibaku Shounen Hanako-kun,Toilet-Bound Hanako-kun,84,"Action, Comedy, Drama, Mystery, Romance, Supernatural",2014,RELEASING,,,"AidaIro, Tania Biswas, Alethea Nibley, Nicole Dochych, Athena Nibley, Benjamin Moro, Jesse Moriarty, Davide Campari, Kimberly Pham, Luciane Yasawa, Selene Kanagawa, Độc giả, Justyna Harasimiuk-Latoś, Etsuko Tabuchi, Florian Weitschies"
86890,BLUE GIANT,Blue Giant,84,"Drama, Music, Slice of Life",2013,FINISHED,80.0,10.0,"Shinichi Ishizuka, Daniel Komen, Ludwig Sacramento, Luise Steggewentz, Anne-Sophie Thevenon, Anne Demars"
33006,JoJo no Kimyou na Bouken: Diamond wa Kudakenai,JoJo's Bizarre Adventure Part 4: Diamond is Unbreakable,84,"Action, Adventure, Mystery, Supernatural",1992,FINISHED,174.0,18.0,"Kei Sanbe, Hirohiko Araki, Nathan Collins, Karen Hayashida, Hisashi Sasaki, Pablo Tschopp, Masato Naka, Sascha Mandler, Katsuhiko Kaito, Kouji Kitahara, Danilo de Assis"
30664,AKIRA,Akira,84,"Action, Horror, Psychological, Sci-Fi",1982,FINISHED,120.0,6.0,"Katsuhiro Ootomo, Satoshi Kon, Yasumitsu Suetake, Satoshi Takabatake, Marc Bernabé, Yoko Umezawa, Paweł Dybała, Drik Sada, Erika Huang, María Ferrer, Sylvain Chollet, Hinoko, Djamel Rabahi, Bakayaro!, Alp İlkkurşun, Cassius Medaur"
143842,Nekosogi Radical,,84,"Action, Drama, Psychological, Supernatural",2005,FINISHED,24.0,3.0,"NISIOISIN, Take"
86238,Kono Subarashii Sekai ni Shukufuku wo!,Konosuba: God's Blessing on This Wonderful World!,84,"Adventure, Comedy, Ecchi, Fantasy, Romance",2013,FINISHED,127.0,17.0,"Kurone Mishima, Natsume Akatsuki, Kevin Steinbach"
63327,Tokyo Ghoul,Tokyo Ghoul,84,"Action, Horror, Mystery, Psychological, Supernatural",2011,FINISHED,144.0,14.0,"Sui Ishida, Edith  Belarra, Joanna Kochanowska, Roberto Pesci, Fernando Mucioli, Akiko Indei, Pierre Fernande, Junpei Matsuo, Dong-Uk Kang, Karolina Dwornik, Kouta Shugyo, Diógenes Dih, Siyu Lai"
45547,Kiichi VS,Kiichi VS,84,"Drama, Psychological",2007,FINISHED,111.0,11.0,"Hideki Arai, Patrick Honnoré"
106726,Shimeji Simulation,,84,"Comedy, Psychological, Slice of Life",2019,FINISHED,49.0,5.0,Tsukumizu
74227,Tsukimonogatari,Tsukimonogatari: Possession Tale,84,"Comedy, Mystery, Psychological, Supernatural",2012,FINISHED,19.0,1.0,"NISIOISIN, VOFAN, Daniel Joseph"
51499,Umineko no Naku Koro ni Chiru Episode 6: Dawn of the Golden Witch,Umineko When They Cry Episode 6: Dawn of the Golden Witch,84,"Drama, Horror, Mystery, Supernatural",2010,FINISHED,26.0,6.0,"Ryukishi07, Hinase Momoyama, Stephen Paul, Abigail Blackman"
108251,"Umarekawattemo Mata, Watashi to Kekkon Shitekuremasu ka",,84,"Drama, Romance",2017,FINISHED,25.0,4.0,Miku Morinaga
53390,Shingeki no Kyojin,Attack on Titan,84,"Action, Drama, Fantasy, Mystery",2009,FINISHED,141.0,34.0,"Tatsuya Endou, Hajime Isayama, Yuusuke Nomura, Kouhei Nagashii, Kouta Sannomiya, Kyuu Takahata, Shintarou Kawakubo, Yuuji Kaba, Paweł Dybała, Ko Ransom, Claudia Peter, Sylvain Chollet, Erika Abreu, Yifeng Zhang, Diógenes Dih"
39726,Kubikiri Cycle: Aoiro Savant to Zaregotozukai,Decapitation: Kubikiri Cycle,84,"Action, Comedy, Drama, Mystery, Psychological",2002,FINISHED,9.0,1.0,"NISIOISIN, Take, Greg Moore"
38157,Kamisama Hajimemashita,Kamisama Kiss,84,"Comedy, Fantasy, Romance, Supernatural",2008,FINISHED,154.0,25.0,"Julietta Suzuki, Tomo Kimura, Ryouko Sekiguchi, Isabelle Bovey"
30021,DEATH NOTE,Death Note,84,"Drama, Mystery, Psychological, Supernatural, Thriller",2003,FINISHED,108.0,12.0,"Takeshi Obata, Tsugumi Ooba, Kahiro Kyouda, Ryou Ogawa, Gia Cam Luc, Alexis Kirsch, Marc Bernabé, Eric Montesinos, Tetsuichiro Miyaki, Kay Hermann, Myloo Anhmet, Paweł Dybała, Pookie Rolf, Giacomo Calorio, Shinya Seto, Kouji Yoshida, Tatsunosuke Sonoda, Kazushi Hinoki, Rica Sakata, Nobuhiro Satou, Hüseyin Erkin, Kami Anani, Cassius Medaur, Marcelo Del Greco"
103192,blanc,blanc,84,"Drama, Romance, Slice of Life",2018,FINISHED,11.0,2.0,"Asumiko Nakamura, Ana Caro, Jocelyne Allen, Ray Steeves, Justine Mouron, Delphine Desusclade"
87208,Shimanami Tasogare,Our Dreams at Dusk: Shimanami Tasogare,84,"Drama, Psychological, Slice of Life",2015,FINISHED,23.0,4.0,"Yuuki Kamatani, Ana Caro, Jocelyne Allen, Kaitlyn Wiley, Melissa Pennacchiotti, Kinga Zielińska, Alexandra Klepper"
86355,Tensei Shitara Slime Datta Ken,That Time I Got Reincarnated as a Slime,84,"Adventure, Comedy, Fantasy",2014,RELEASING,,23.0,"Fuse, Mitz Vah, Kevin Gifford, Chloé Bardan"
118408,Agyeogui Ending Jugeumppun,Villains Are Destined to Die,84,"Drama, Fantasy, Psychological, Romance",2020,RELEASING,,,"Gyeo-Eul Kwon, Suol, Chiho Christie, David Odell, Zuzanna Olszewska, AH Cho"
98370,Sasaki to Miyano,Sasaki and Miyano,84,"Comedy, Romance, Slice of Life",2016,RELEASING,,,"Shou Harusono, DK, Leighann Harvey, Angélique Mariet, Tom Bertrand, Blanche Delaborde, Andrzej Matuszak, Dominika Bieńkowska"
66413,Hinamatsuri,Hinamatsuri,84,"Comedy, Sci-Fi, Slice of Life, Supernatural",2010,FINISHED,132.0,19.0,"Masao Ootake, Stephen Kohler, Nathan Takase"
37482,RAINBOW: Nisha Rokubou no Shichinin,,84,"Drama, Psychological",2002,FINISHED,235.0,22.0,"George Abe, Masasumi Kakizaki"
31342,Baccano!,Baccano!,84,"Action, Adventure, Mystery, Supernatural",2003,RELEASING,,,"Ryougo Narita, Katsumi Enami, Taylor Engel"
165131,Mushoku Tensei: Dasoku-hen,Mushoku Tensei: Redundant Reincarnation,83,"Action, Drama, Ecchi, Fantasy",2023,RELEASING,,,"Rifujin na Magonote, Sirotaka"
145163,Seishun Buta Yarou wa Yumemiru Shoujo no Yume wo Minai,Rascal Does Not Dream of a Dreaming Girl,83,"Comedy, Psychological, Romance, Supernatural",2016,FINISHED,5.0,1.0,"Hajime Kamoshida, Keiji Mizoguchi, Andrew Cunningham, Kasomphan Haruna"
126399,Haruka Tooki Ie,A Home Far Away,83,"Drama, Romance",2020,FINISHED,7.0,1.0,"Teki Yatsuda, Susana Fernández García"
117324,Nan Hao Shang Feng,,83,"Comedy, Slice of Life",2019,RELEASING,,,Bulangni
113533,Otonari no Tenshi-sama ni Itsunomanika Dame Ningen ni Sareteita Ken,The Angel Next Door Spoils Me Rotten,83,"Comedy, Romance, Slice of Life",2019,RELEASING,,,"Hazano Kazutake, Hanekoto, Saeki-san, Nicole Wilder, Chaiyapruh Wutiboonwatana, Không Chán, Trân Trân, Jiaxiang Lin, Huining Guo"
111189,Yubisaki to Renren,A Sign of Affection,83,"Romance, Slice of Life",2019,RELEASING,,,"Suu Morishita, Christine Dashiell, Lys Blakeslee, Carlo Vanstiphout, So-Hyeon Park"
92550,Adachi to Shimamura,Adachi and Shimamura,83,"Romance, Slice of Life",2012,RELEASING,,,"Hitoma Iruma, Nozomi Ousaka, Nozomi Ousaka, Shizue Kaneko, Raemz, Molly Lee, Cang Mao"
87217,Innocent Rouge,Innocent Rouge,83,"Drama, Psychological",2015,FINISHED,88.0,12.0,"Shinichi Sakamoto, Masaki Shii, Gemma Tarrés, Masakatsu Adachi, Takashi Yamaguchi, Songyuu Kim, Keisuke Tsunashima"
85307,Bungou Stray Dogs,Bungo Stray Dogs,83,"Action, Drama, Mystery, Supernatural",2012,RELEASING,,,"Kafka Asagiri, Harukawa35, Carlos Mingo, Kevin Gifford, Irene Telleria, Lục Mịnh, Karolina Dwornik, Diógenes Dih"
33572,Tobaku Mokushiroku Kaiji,Gambling Apocalypse Kaiji,83,"Drama, Psychological, Thriller",1996,FINISHED,158.0,13.0,Nobuyuki Fukumoto
33571,Ten: Tenhou-doori no Kaidanji,,83,"Drama, Psychological",1989,FINISHED,164.0,18.0,"Nobuyuki Fukumoto, Shuuhou Sato"
143763,Nademonogatari,,83,"Action, Comedy, Drama, Mystery, Supernatural",2016,FINISHED,31.0,1.0,"NISIOISIN, VOFAN"
107521,Eoneu Nal Gongjuga Doeeobeoryeotda,Who Made Me a Princess,83,"Comedy, Fantasy, Romance",2017,RELEASING,,9.0,"Spoon, Plutus, Carolina Hernández Mendoza, Lauren Na"
68071,Spirit Circle,Spirit Circle,83,"Action, Comedy, Romance, Sci-Fi, Supernatural",2012,FINISHED,46.0,6.0,"Satoshi Mizukami, Jocelyne Allen, Lys Blakeslee, Mikka Stifler, Rachel Pierce"
30399,Kino no Tabi: the Beautiful World,Kino's Journey: The Beautiful World,83,"Adventure, Drama, Fantasy, Mystery, Psychological, Sci-Fi",2000,RELEASING,,,"Keiichi Shigusawa, Kouhaku Kuroboshi"
171729,LOVE-BULLET,Love Bullet,83,"Action, Drama, Romance, Supernatural",2023,RELEASING,,,"Aila Nagamine, inee, Masaaki Fukushima"
136807,Look Back,Look Back,83,"Drama, Slice of Life",2021,FINISHED,1.0,1.0,"Tatsuki Fujimoto, Tokushige  Kawakatsu, Reizou Aisu , Hanachika Toyama, Sébastien Ludmann, Amanda Haley, Felipe Monte, Snir Aharon, Sou Nishida, Shihei Lin, Hinoko, Anna Wrzesiak, Ili Tenjou, Zhichang Lin"
86568,Vanitas no Carte,The Case Study of Vanitas,83,"Action, Drama, Fantasy, Mystery, Supernatural",2015,RELEASING,,,"Jun Mochizuki, Taylor Engel, Fédoua Lamodière, Morgan Hart, Bianca Pistillo, Gyeong-Hwa O, Cordelia Suzuki, Ruyuha Kyouka, Martin Bachernegg"
86036,SHIORI EXPERIENCE: Jimi na Watashi to Hen na Ojisan,,83,"Comedy, Drama, Music",2013,RELEASING,,,"Yuukou Osada, Kazuya Machida, Mizuki Yoda"
74307,Kakukaku Shikajika,Blank Canvas: My So-Called Artist's Journey,83,"Drama, Slice of Life",2011,FINISHED,34.0,5.0,"Akiko Higashimura, Jenny McKeon, Miyako Slocombe, Lys Blakeslee, Miro"
48200,Sotsugyousei,Classmates,83,"Comedy, Drama, Romance, Slice of Life",2007,FINISHED,16.0,2.0,"Asumiko Nakamura, Ana Caro, Jocelyne Allen, Ray Steeves, Delphine Desusclade"
30042,Dragon Ball,Dragon Ball,83,"Action, Adventure, Comedy, Fantasy, Sci-Fi, Supernatural",1984,FINISHED,520.0,42.0,"Akira Toriyama, Yuu Kondou, Kazuhiko Torishima, Lisa-Marie Pettersen Leira, Marc Bernabé, Dag Lønsjø, Mari Morimoto, Fédoua Lamodière, Drik Sada, Jürgen Seebeck, Takashi Matsuyama, Geni Bigas, Bakayaro!, Alp İlkkurşun, Rafał Rzepka, Kiyoko Chappe, Yvan Jacquet, Fabrice Bras, Shiuya Tomimoto, Bruno Zago, Fuyuto Takeda, Cassius Medaur"
145164,Seishun Buta Yarou wa Hatsukoi Shoujo no Yume wo Minai,Rascal Does Not Dream of His First Love,83,"Comedy, Drama, Psychological, Romance, Supernatural",2016,FINISHED,4.0,1.0,"Hajime Kamoshida, Keiji Mizoguchi, Andrew Cunningham, Kasomphan Haruna"
123117,Bungou Stray Dogs: Dazai Osamu to Kuro no Jidai,Bungo Stray Dogs: Osamu Dazai and The Dark Era,83,"Action, Drama, Mystery, Supernatural",2014,FINISHED,6.0,1.0,"Kafka Asagiri, Harukawa35, Matthew Rutsohn"
119174,The Boxer,The Boxer,83,"Action, Drama, Sports",2019,FINISHED,133.0,13.0,Ji-Hun Jeong
109921,Kieta Hatsukoi,My Love Mix-Up!,83,"Comedy, Romance",2019,FINISHED,41.0,9.0,"Aruko, Wataru Hinekure, Jan Cash, Inori Fukuda Trant, Fangxin Zhang, Do Nguyen"
86964,Hurejasik,Bastard,83,"Drama, Horror, Mystery, Psychological, Romance, Thriller",2014,FINISHED,94.0,5.0,"Yeong-Chan Hwang, Carnby Kim, Pil Hong, Min-Ho Kim, mikki, Seung-Hwan Kim"
30214,Kidou Senshi Gundam: The Origin,Mobile Suit Gundam: The Origin,83,"Action, Drama, Mecha, Sci-Fi",2001,FINISHED,112.0,24.0,"Hajime Yatate, Yoshikazu Yasuhiko, Yoshiyuki Tomino, Kunio Okawara, Melissa Tanaka, María Ferrer, Daniel Andreyev"
108556,SPY×FAMILY,SPY x FAMILY,83,"Action, Comedy, Slice of Life, Supernatural",2019,RELEASING,,,"Tatsuya Endou, Mafuyu Konishi, Hikari Suehiru, Itsuchi Yosuga, Rina Mapa, Casey Loe, Beatriz Poszar, Satoko Fujimoto, Simona Stanzani, Colin Milliken, Cara Sanks, Lara Iacucci, Luciane Yasawa, Chiara Antonelli, Paolo Gattone, Selene Kanagawa, Nathalie Bougon, Sylvie Naddeo-Deloche, Shihei Lin, Lasse Christiansen, Phương Nga, Amelia Lipko, Inka, Thiago Péres, Alessio Ravazzani"
98544,Yuukoku no Moriarty,Moriarty the Patriot,83,"Mystery, Psychological, Thriller",2016,RELEASING,,,"Ryousuke Takeuchi, Arthur Ignatius Conan Doyle, Hikaru Miyoshi, Carlos Mingo, Annaliese Christman, Irene Telleria, Saa, Agnieszka Zychma"
87347,Given,Given,83,"Drama, Music, Romance, Slice of Life",2013,FINISHED,51.0,9.0,"Natsuki Kizu, Margot Maillac, Thiago Nojiri, Judit Moreno, Anne Demars, Jean-François Lacherie, Tomasz Molski"
50006,Fate/strange Fake,,83,"Action, Adventure, Fantasy, Mystery, Supernatural",2015,RELEASING,,10.0,"Type-Moon, Ryougo Narita, Shizuki Morii"
159441,Pick Me Up!,Pick Me Up,83,"Action, Adventure, Fantasy",2022,RELEASING,,,"Wasakbasak, U-Ne Cho, Hermod, Lya Mayahi, Douglas De Almeida"
149544,Ki ni Natteru Hito ga Otoko Janakatta,The Guy She Was Interested In Wasn't a Guy at All,83,"Music, Romance",2022,RELEASING,,,"Ajani Oloye, Sumiko Arai, Carina Dallmeier, Agnieszka Zychma, Nuria Cimas Pita, Yuanyou Ye, Morgane Paviot"
129574,1-nichi Go ni Shinu Gorilla,,83,Comedy,2021,FINISHED,3.0,,Sui Ishida
98351,Yuru Camp△,Laid-Back Camp,83,"Comedy, Slice of Life",2015,RELEASING,,,"Afro, Amber Tamosaitis, Yohan Leclerc, Bianca Pistillo, DK, D. Kim, Katarzyna Nishioka, Stefanie Probst, Kaichun Chen"
33299,Ookami to Koushinryou,Spice & Wolf,83,"Adventure, Drama, Fantasy, Romance, Supernatural",2007,FINISHED,108.0,16.0,"Keito Koume, Isuna Hasekura, Juu Ayakura, Lys Blakeslee, Alexis Eckerman, Paul Starr, Jeremiah Bourque, Terri Delgado, Gemma Tarrés, Víctor Gomà, Jasmine Bernhardt, Songyan Wu, ALATA"
31325,Hi no Tori,Phoenix,83,"Drama, Fantasy, Romance, Sci-Fi",1966,CANCELLED,134.0,16.0,"Osamu Tezuka, Buichi Terasawa, Frederik Schodt, Marc Bernabé, Edward Kondo, Marcelo Del Greco, Marcelo Naranjo"
132029,Dandadan,Dandadan,83,"Action, Comedy, Drama, Romance, Sci-Fi, Supernatural",2021,RELEASING,,,"Tooru Kuramori, Yukinobu Tatsu, John Werry, Kumar Sivasubramanian, Brandon Bovia, Felipe Monte, Sylvain Chollet, Sara Linsley, Jürgen Seebeck, Andrea Bernal Asensio, Shihei Lin, Hinoko, Sonickun, Hajime Yamamoto, Anna Koike, Atsuka Yamagata, Pierre Valls, Kyla Aiko, Charmita, Lieny"
110473,Kimi wa Houkago Insomnia,Insomniacs After School,83,"Romance, Slice of Life",2019,FINISHED,125.0,14.0,"Makoto Ojiro, Óscar Tejero, Studio Charon, Florent Gorges, Nadja Stutterheim, Tomasz Molski"
108027,Hirano to Kagiura,Hirano and Kagiura,83,"Comedy, Romance, Slice of Life",2019,RELEASING,,,"Shou Harusono, Leighann Harvey, Dominika Bieńkowska, Zhu Zi, Dayeun Kim"
101131,Toshokan no Daimajutsushi,Magus of the Library,83,"Adventure, Fantasy",2017,RELEASING,,,"Mitsu Izumi, Sakura Ilgert, Anna Koike, Chuanyu Wei"
99609,Kimi no Suizou wo Tabetai,I Want to Eat Your Pancreas,83,"Drama, Romance, Slice of Life",2016,FINISHED,10.0,2.0,"Izumi Kirihara, Yoru Sumino, Beni Axia Conrad, Michala Kropáčková, Katarzyna Nishioka, Yuko Keller"
99324,Mairimashita! Iruma-kun,Welcome to Demon School! Iruma-kun,83,"Comedy, Fantasy",2017,RELEASING,,,"Osamu Nishi, Jacqueline Fung, Yohan Leclerc, Ajani Oloye, Liên Vũ, Martyna Zdonek, Dariusz Latoś, Nicole Roderick, Xinzhang Du, Kaichun Chen, Reona Nishiyama"
47051,Barakamon,Barakamon,83,"Comedy, Slice of Life",2008,FINISHED,146.0,19.0,"Satsuki Yoshino, Lys Blakeslee, Krista Shipley, Thanh Huong"
41327,One Outs,,83,"Psychological, Sports",1998,FINISHED,176.0,20.0,Shinobu Kaitani
33083,Suzumiya Haruhi no Yuuutsu,The Melancholy of Haruhi Suzumiya,83,"Comedy, Psychological, Sci-Fi, Slice of Life, Supernatural",2003,FINISHED,9.0,1.0,"Nagaru Tanigawa, Noizi Itou, Chris Pai"
33082,Nichijou,Nichijou,83,"Comedy, Slice of Life",2006,RELEASING,,,"Keiichi Arawi, Jenny McKeon"
30658,Mugen no Juunin,Blade of the Immortal,83,"Action, Adventure, Supernatural",1993,FINISHED,219.0,30.0,"Hiroaki Samura, Marc Bernabé, Terje Nordberg, Dana Lewis, Drik Sada, Miriam Tomi, Thiago Nojiri, Wayne Truman, Toren Smith, Tomasz Molski, Maciej Murzyniec, Cezary Komorowicz"
108551,Mystery to Iunakare,Don't Call it Mystery,83,"Drama, Mystery",2017,RELEASING,,,"Yumi Tamura, Patrick Honnoré, Yukari Maeda, Aila Nagamine, Caroline Winzenried, Tony Tran, Weijin Li"
108428,Kage no Jitsuryokusha ni Naritakute!,The Eminence in Shadow,83,"Action, Comedy, Fantasy",2018,RELEASING,,,"Touzai, Daisuke Aizawa, Nathaniel Thrasher, Kristi Fernandez, Ka Bi Shou"
97298,Violet Evergarden,,83,"Drama, Fantasy",2015,FINISHED,13.0,2.0,"Akiko Takase, Kana Akatsuki"
85611,Tokyo Ghoul:re,Tokyo Ghoul:re,83,"Action, Drama, Horror, Mystery, Psychological, Supernatural",2014,FINISHED,181.0,16.0,"Sui Ishida, Edith  Belarra, Fernando Mucioli, Akiko Indei, Dong-Uk Kang, Karolina Dwornik, Siyu Lai"
33649,Fate/Zero,,83,"Action, Drama, Fantasy, Romance",2006,FINISHED,18.0,4.0,"Type-Moon, Kinoko Nasu, Tomotaka Takeuchi, Nitro Plus, Gen Urobuchi, Dariusz Latoś"
33573,Tobaku Hakairoku Kaiji,,83,"Drama, Psychological, Thriller",2000,FINISHED,134.0,13.0,Nobuyuki Fukumoto
31218,Akagi: Yami ni Oritatta Tensai,,83,"Action, Drama, Psychological",1992,FINISHED,306.0,36.0,"Nobuyuki Fukumoto, Shuuhou Sato"
31183,Cross Game,Cross Game,83,"Comedy, Drama, Romance, Sports",2005,FINISHED,170.0,17.0,"Mitsuru Adachi, Lillian Olsen, Ralph Yamada"
30660,Versailles no Bara,The Rose of Versailles,83,"Drama, Romance",1972,FINISHED,85.0,10.0,"Riyoko Ikeda, Frederik Schodt, Thibaud Desbief, Misato Raillard, Eric Montesinos, Mari Morimoto, Verónica Calafell, Yasuko Tojo"
177706,Oneulman Saneun Gisa,The Knight Only Lives Today,83,"Action, Adventure, Fantasy",2024,RELEASING,,,"Hyeon-Min Lee, Soulpung, An Lee, Ga Nara"
143079,Kimi no Yoru ni Fureru,Touch Within the Abyss,83,"Drama, Psychological, Romance",2021,FINISHED,6.0,1.0,"Jacqueline Fung, Moyori Mori, Anne Klink, Emelia Baum"
134191,Segimal Putsagwa Boseupagwon,After School Lessons for Unripe Apples,83,"Comedy, Drama, Romance, Slice of Life",2020,RELEASING,,,sunkki
113891,Souyaku Toaru Majutsu no Index,,83,"Action, Comedy, Fantasy, Sci-Fi",2020,RELEASING,,,"Kazuma Kamachi, Kiyotaka Haimura"
105747,"Mata, Onaji Yume wo Miteita",I Had That Same Dream Again,83,"Drama, Psychological, Slice of Life, Supernatural",2017,FINISHED,12.0,3.0,"Izumi Kirihara, Yoru Sumino, Rina Mapa, Beni Axia Conrad, Martin Gericke"
104241,Tsukiatte Agete mo Ii ka na,How Do We Relationship?,83,"Drama, Romance, Slice of Life",2018,FINISHED,133.0,14.0,Tamifull
45306,Takemitsu Zamurai,,83,"Drama, Slice of Life",2006,FINISHED,84.0,8.0,"Taiyou Matsumoto, Issei Eifuku, Marc Bernabé, Thibaud Desbief, Hongyan Huang"
30936,Homunculus,Homunculus,83,"Drama, Horror, Mystery, Psychological, Supernatural",2003,FINISHED,166.0,15.0,"Hideo Yamamoto, Rina Mapa, Drik Sada, Cerridwyn Graffham"
168843,Xiao Mogu,Little Mushroom,83,"Drama, Romance, Sci-Fi",2023,RELEASING,,,"Jinze Yuchi, Mao Mao Tou, Yishisi Zhou, Yier Jin"
116219,Shinai naru Gene e,,83,"Drama, Romance",2019,FINISHED,11.0,2.0,"Kaya Azuma, Agnieszka Zychma"
109206,Watashi no Oshi wa Akuyaku Reijou.,I’m in Love with the Villainess,83,"Comedy, Fantasy, Romance",2019,FINISHED,30.0,5.0,"Inori., Hanagata, Jenn Yamazaki, Yumechika, Kazari, Kevin Ishizaka, Sumeragi Ui, Yongxin Lai"
86406,"Kumo desu ga, Nani ka?","So I'm a Spider, So What?",83,"Adventure, Comedy, Fantasy",2015,FINISHED,384.0,16.0,"Okina Baba, Tsukasa Kiryuu, Jenny McKeon"
65513,Hyouka,,83,"Mystery, Slice of Life",2001,FINISHED,9.0,1.0,"Honobu Yonezawa, Như Ý"
36812,Kyou kara Ore wa!!,,83,Comedy,1988,FINISHED,366.0,38.0,"Hiroyuki Nishimori, Nao Kurebayashi, Keiichi Suzuki, Santa Harukaze, Satoshi Kimura, Yuuichirou Maeya"
30974,BASARA,Basara,83,"Action, Adventure, Drama, Fantasy, Romance",1990,FINISHED,107.0,27.0,"Yumi Tamura, Misato Raillard, Eric Montesinos, Les Travaux d'Hercule, Nika Hashiguchi, Richard Schicke, Suyun Tu"
173062,Houkago Kitaku Biyori,,82,"Comedy, Romance, Slice of Life",2023,RELEASING,,,Mai Matsuda
168509,Hae Tteuneun Jip,Our Sunny Days,82,"Romance, Slice of Life",2023,RELEASING,,,Seok-Chan Jeong
146749,Umineko no Naku Koro ni Chiru Episode 8: Twilight of the Golden Witch,,82,"Drama, Fantasy, Mystery, Supernatural",2018,FINISHED,,1.0,"Ryukishi07, Tomohi"
128067,SSS-geup Jugeoya Saneun Hunter,SSS-Class Revival Hunter,82,"Action, Adventure, Drama, Fantasy, Supernatural",2020,RELEASING,,,"Neida, No-A Sin, Bill K"
101311,Bakemonogatari,Bakemonogatari,82,"Action, Comedy, Drama, Mystery, Romance, Supernatural",2018,FINISHED,193.0,22.0,"Hiromu Arakawa, Hiro Mashima, Ken Akamatsu, Ito Oogure, Ito Oogure, Aki Shimizu, Yuu Aida, Ema Tooyama, Yuki Urushibara, Nao Akinari, Hajime Ueda, Kouji Seo, Kumichi Yoshizuki, Akimine Kamijo, Mitsuru Hattori, Kazuki Funatsu, Etsushi Ogawa, Hiroyuki, Kazuma Kondou, Jinsei Kataoka, Nakaba Suzuki, Keiichi Arawi, Miki Yoshikawa, Yasuyuki Nekoi, Akira Hiramoto"
87350,"Ohayou, Ibarahime","Wake up, Sleeping Beauty",82,"Drama, Romance, Supernatural",2014,FINISHED,26.0,6.0,"Megumi Morino, Miyako Slocombe, Carlos Mingo, Irene Telleria, Isabelle Bovey, Lingling Weng"
87284,Shuumatsu Nani Shitemasu ka? Isogashii desu ka? Sukutte Moratte Ii desu ka?,WorldEnd: What Do You Do at the End of the World? Are You Busy? Will You Save Us?,82,"Drama, Fantasy, Romance, Slice of Life, Supernatural",2014,FINISHED,25.0,5.0,"Akira Kareno, ue, Jasmine Bernhardt"
86717,Wotaku ni Koi wa Muzukashii,Wotakoi: Love is Hard for Otaku,82,"Comedy, Romance, Slice of Life",2014,FINISHED,115.0,11.0,"Fujita, Aline Kukor, Eric Montesinos, Karen Hayashida, Paul Starr, Olinda Cordukes, Jessica Sheaves, Jennifer O'Donnell, Sawa Savage, AndWorld Design, Gabriela Kato, Joachim Roussel, Lauren Scalan, Vanessa Tenazas"
30030,Ouran Koukou Host Club,Ouran High School Host Club,82,"Comedy, Drama, Romance, Slice of Life",2002,FINISHED,97.0,18.0,"Bisco Hatori, Marc Bernabé, Paweł Dybała, Ayako Koike, Xiangping Zhuang"
148305,Akuyaku Reijou no Naka no Hito: Danzai Sareta Tenseisha no Tame Usotsuki Heroine ni Fukushuu Itashimasu,,82,"Drama, Fantasy",2021,FINISHED,36.0,6.0,"Nazuna Shiraume, Mai Murasaki, Makiburo, Jinghui You"
138603,Hikaru ga Shinda Natsu,The Summer Hikaru Died,82,"Horror, Mystery, Psychological, Supernatural, Thriller",2021,RELEASING,,,"Okada Sayaka, Ajani Oloye, Abigail Blackman, Mokmok Len, Anna Křivánková, Manon Debienne, Patryk Skorupa"
98741,Majo no Tabitabi,Wandering Witch: The Journey of Elaina,82,"Adventure, Fantasy, Slice of Life",2016,RELEASING,,,"Jougi Shiraishi, Azuru, Nicole Wilder, Ratchanat Chaipiyaporn, Yinting Li"
86399,Tensei Shitara Slime Datta Ken,That Time I Got Reincarnated as a Slime,82,"Action, Adventure, Comedy, Fantasy",2015,RELEASING,,,"Taiki Kawakami, Naoto Fukuda, Fuse, Mitz Vah, Gaëlle Ruel, Erica Moriya, Yamashita"
59211,Gekkan Shoujo Nozaki-kun,Monthly Girls' Nozaki-kun,82,"Comedy, Romance",2011,RELEASING,,,"Izumi Tsubaki, Lys Blakeslee, Leighann Harvey, Olinda Cordukes, Amelia Lipko"
56704,Shouwa Genroku Rakugo Shinjuu,Descending Stories: Showa Genroku Rakugo Shinju,82,Drama,2010,FINISHED,32.0,10.0,"Haruko Kumota, Cyril Coppini, Stéphane Duval"
46144,Umineko no Naku Koro ni Episode 4: Alliance of the Golden Witch,Umineko When They Cry Episode 4: Alliance of the Golden Witch,82,"Drama, Horror, Mystery, Psychological",2009,FINISHED,29.0,6.0,"Ryukishi07, Souichirou, Stephen Paul, Abigail Blackman"
33575,Saikyou Densetsu Kurosawa,"The Legend of the Strongest, Kurosawa!",82,"Action, Comedy, Drama, Psychological",2003,FINISHED,90.0,11.0,"Nobuyuki Fukumoto, Matt Hodge"
138705,Suyo Webtoon-ui Na Kang-Rim,,82,"Comedy, Fantasy, Romance",2021,FINISHED,172.0,,"Kyung-Min Lee, Jun-Hyeok Song"
130429,Ibeon Saengeun Gajuga Doegetseumnida,I Shall Master this Family!,82,"Drama, Fantasy, Romance",2021,RELEASING,,,"Mon, Roah Kim, Annabell Führes, Douglas De Almeida"
106130,Blue Lock,Blue Lock,82,"Action, Drama, Sports",2018,RELEASING,,,"Tatsuya Endou, Muneyuki Kaneshiro, Yuusuke Nomura, Chris Burgener, Lilian Lebrun, Nate Derr, Agnieszka Zychma, Yoda, Markus Lange, Soutarou Nishii"
86770,Totsukuni no Shoujo,"The Girl From the Other Side: Siúil, a Rún",82,"Drama, Fantasy, Mystery",2015,FINISHED,53.0,11.0,"Nagabe, Kyouhei Shinpuku, Adrienne Beck, Fédoua Lamodière, Lys Blakeslee, Christine Minutoli, Renata Garcia, André Pinto Teixeira, Yasuko Tojo, Rei, Luiz Bodanese, Miryll Ihrens"
67707,Shigatsu wa Kimi no Uso,Your Lie in April,82,"Drama, Music, Romance, Slice of Life",2011,FINISHED,44.0,11.0,"Naoshi Arakawa, Scott Brown, Alethea Nibley, Athena Nibley, Erika Abreu, Salomón Doncel-Moriano Urbano, Anna Křivánková, Anna Koike, Paige Pumphrey"
42854,Toaru Majutsu no Index,A Certain Magical Index,82,"Action, Comedy, Fantasy, Romance, Sci-Fi",2004,FINISHED,132.0,22.0,"Kazuma Kamachi, Kiyotaka Haimura, Kazuma Miki, Alice Prowse, Phumjai Piyatatsri, Visuth Pichatvanit, Kamolwan Sanguansirikul, Santabut Piyarat"
40443,Bakuon Rettou,,82,"Action, Drama, Psychological",2002,FINISHED,105.0,18.0,"Tsutomu Takahashi, Pascale Simon, Eric Montesinos"
35249,NHK ni Youkoso!,Welcome to the N.H.K.,82,"Comedy, Drama, Psychological, Slice of Life",2002,FINISHED,12.0,1.0,"Yoshitoshi ABe, Tatsuhiko Takimoto, Thanh Nhân"
33378,Kimi ni Todoke,Kimi ni Todoke: From Me to You,82,"Comedy, Drama, Romance, Slice of Life",2006,FINISHED,127.0,30.0,"Karuho Shiina, Tomo Kimura, Karen Hayashida, Koichiro Kensho Nishimura, Ari Yasuda, Verónica Calafell, Joel Dias, Mariko Ikeda, Ruyuha Kyouka"
31061,Meitantei Conan,Case Closed,82,"Adventure, Comedy, Mystery, Romance",1994,RELEASING,,,"Gosho Aoyama, Marc Bernabé, Jens Erik Røsåsen, Thibaud Desbief, Misato Raillard, Joe Yamazaki, Tetsuichiro Miyaki, Freeman Wong, Marta Gallego, Naoko Amemiya, Walden Wong, Eiichi Yamagishi, Katsumasa Ogura, Simon Hammar, Jesús Pece, Naota Machida"
30869,Konjiki no Gash!!,Zatch Bell!,82,"Action, Adventure, Comedy, Fantasy",2001,FINISHED,324.0,33.0,"Yellow Tanabe, Makoto Raiku, Haro Aso, Youhei Sakai, Takayoshi Kuroda, Ashibi Fukui"
169272,Mayonaka Heart Tune,Tune In to the Midnight Heart,82,"Comedy, Romance",2023,RELEASING,,,"Masakuni Igarashi, Yee Sue Yi, Anh Kiet Ngo, Nixuan Li"
131640,Cloud,Lost in the Cloud,82,"Drama, Psychological, Slice of Life",2020,FINISHED,131.0,,Pas Kim
104063,Shadows House,Shadows House,82,"Fantasy, Horror, Mystery, Slice of Life, Supernatural",2018,RELEASING,,,"Soumatou, Taylor Engel, Lys Blakeslee, Pierre Fernande, Judit Moreno, Amelia Lipko"
104045,Kimi ga Shinu made Koi wo Shitai,I Want to Love You Till Your Dying Day,82,"Fantasy, Romance",2018,RELEASING,,,"Nachi Aono, Verena Maser, Mengfang Cai"
85364,One Punch Man,,82,"Action, Comedy, Sci-Fi, Supernatural",2009,RELEASING,,,ONE
72451,Horimiya,Horimiya,82,"Comedy, Romance, Slice of Life",2011,FINISHED,152.0,17.0,"Daisuke Hagiwara, HERO, Taylor Engel, Gaëlle Ruel, Maite Madinabeitia, Alexis Eckerman, Studio Charon, Nhung Dinh"
30743,21 Seiki Shounen,21st Century Boys,82,"Drama, Mystery, Psychological, Sci-Fi",2006,FINISHED,16.0,2.0,"Naoki Urasawa, Marc Bernabé, Akemi Wegmüller, Verónica Calafell"
30610,Skip Beat!,Skip Beat!,82,"Drama, Romance",2002,RELEASING,,,"Yoshiki Nakamura, Tomo Kimura, Antje Bockel, My Bergström"
30043,Eyeshield 21,Eyeshield 21,82,"Comedy, Sports",2002,FINISHED,333.0,37.0,"Riichirou Inagaki, Yuusuke Murata, Yoshiyuki Nishi, Yuuichi Itakura, Yukinori Kawaguchi, Masaru Miyokawa, Ryousuke Takeuchi, Yuuya Ogura, Kouhei Fujino, Kentarou Kurimoto, Eiji Masuda, Daisuke Oikawa, Yuuki Nakashima, Yuu Saitou, Gareki Yamada, Tatsunosuke Sonoda, Akira Tanaka, Naoji Morimoto, Takanori Asada, Kinichi Yamada, Hitoshi Koike, Souichi Aida"
138711,Yuki no Yousei,Snow Fairy,82,Romance,2021,FINISHED,7.0,1.0,"Tomo Serizawa, Christine Dashiell, J. Agustín Izquierdo, Fangxin Zhang, Ao, Lena Atanassova"
117853,"Natsu e no Tunnel, Sayonara no Deguchi","The Tunnel to Summer, the Exit of Goodbyes",82,"Drama, Romance, Supernatural",2019,FINISHED,6.0,1.0,"Mei Hachimoku , Kukka, J. Sajiko, Evan Ward"
78347,Ballroom e Youkoso,Welcome to the Ballroom,82,"Drama, Romance, Sports",2011,RELEASING,,,"Tomo Takeuchi, Karen McGillicuddy, Ryoko Akiyama, Kévin Druelle, Alèxia Miravet, Mingshan Guo"
67755,Saiki Kusuo no Ψ-nan,,82,"Comedy, Slice of Life, Supernatural",2012,FINISHED,290.0,26.0,"Shuuichi Asou, Kizuku Watanabe, Masahiro Hirakata, Tatsuhiko Katayama, Tanpopo Team, Ryousuke Yoritomi, Yujiro Hattori"
46081,Umineko no Naku Koro ni Episode 3: Banquet of the Golden Witch,Umineko When They Cry Episode 3: Banquet of the Golden Witch,82,"Drama, Horror, Mystery, Psychological",2009,FINISHED,22.0,5.0,"Kei Natsumi, Ryukishi07, Stephen Paul, Abigail Blackman"
32895,Piano no Mori,Forest of Piano,82,"Drama, Music",1998,FINISHED,242.0,26.0,Makoto Isshiki
30010,xxxHolic,xxxHOLiC,82,"Comedy, Drama, Mystery, Supernatural",2003,FINISHED,214.0,19.0,"CLAMP, William Flanagan, Fédoua Lamodière, Alex Pilot, Suzuka Asaoka, Luiz Kobayashi, Magnus Johansson, Marcelo Del Greco"
143003,Naje Tteuneun Byeol,Daytime Star,82,"Drama, Romance",2021,FINISHED,77.0,,"Godago, Chae-Eun"
123126,"Bungou Stray Dogs: Dazai, Chuuya, Juugosai","Bungo Stray Dogs: Dazai, Chuuya, Age Fifteen",82,"Action, Drama, Mystery, Supernatural",2019,FINISHED,8.0,1.0,"Kafka Asagiri, Harukawa35, Matthew Rutsohn"
111258,Bocchi the Rock!,Bocchi the Rock!,82,"Comedy, Music, Slice of Life",2018,RELEASING,,,"Aki Hamaji, John Neal, Chiho Christie, Célia Chinarro, Mickaël Ponsard, Aleksandra Stawska"
104533,Bareunyeonae Giljabi,Romance 101,82,"Comedy, Romance, Slice of Life",2018,FINISHED,158.0,12.0,Nam-Su
85734,Tamen De Gushi,,82,"Comedy, Romance, Slice of Life",2014,RELEASING,,,Tan Jiu
63031,Imawa no Kuni no Alice,Alice in Borderland,82,"Action, Drama, Horror, Psychological, Supernatural, Thriller",2010,FINISHED,87.0,18.0,"Haro Aso, Torarika, Lasse Christiansen, Aleksandra Stawska"
58393,Sakamichi no Apollon,,82,"Drama, Music, Romance, Slice of Life",2007,FINISHED,53.0,9.0,"Yuki Kodama, Marc Bernabé, Patrick Honnoré, Ryouko Sekiguchi, Hinoko"
33285,Holyland,,82,"Action, Psychological",2000,FINISHED,182.0,18.0,Kouji Mori
30443,MARS,Mars,82,"Drama, Psychological, Romance, Thriller",1996,FINISHED,41.0,15.0,Fuyumi Souryou
153007,Sensou Kyoushitsu,The Bugle Call: Song of War,82,"Action, Fantasy, Psychological",2022,RELEASING,,,"Caleb Cook, Mozuku Sora, Higoro Toumori, David Le Quere, Clair Obscur"
145162,Seishun Buta Yarou wa Orusuban Imouto no Yume wo Minai,Rascal Does Not Dream of a Sister Home Alone,82,"Comedy, Psychological, Romance, Supernatural",2015,FINISHED,6.0,1.0,"Hajime Kamoshida, Keiji Mizoguchi, Andrew Cunningham, Kasomphan Haruna"
114328,Hidamari ga Kikoeru: Limit,I Hear the Sunspot: Limit,82,"Drama, Romance, Slice of Life",2016,FINISHED,19.0,3.0,"Yuki Fumino, Stephen Kohler, Katarzyna Nishioka, Do Nguyen"
104677,Geunyeoui Simcheong,Her Tale of Shim Chong,82,"Drama, Romance",2017,FINISHED,90.0,7.0,"seri, Biwan, Angeline Loudieres, Zuzanna Olszewska"
100094,Chichi to Hige-Gorilla to Watashi,,82,"Comedy, Slice of Life",2011,FINISHED,98.0,7.0,Sadaji Koike
40884,Diamond no Ace,Ace of the Diamond,82,Sports,2006,FINISHED,418.0,47.0,"Yuuji Terajima, Reiji Miyajima, Abby Lehrke, Devon Corwin, Thea Willis, Allen Berry"
30085,Azumanga Daiou,Azumanga Daioh,82,"Comedy, Slice of Life",1999,FINISHED,69.0,4.0,"Kiyohiko Azuma, Stephen Paul, Fabio Sakuda, Marcus Wehner"
30022,Rurouni Kenshin: Meiji Kenkaku Romantan,Rurouni Kenshin,82,"Action, Adventure, Romance",1994,FINISHED,259.0,28.0,"Eiichirou Oda, Nobuhiro Watsuki, Hiroyuki Takei, Shinya Suzuki, Mikio Itou, Gin Shinga, Marc Bernabé, Hisashi Sasaki, Bakayaro!, Cassius Medaur, Marcelo Del Greco, Olivier Prézeau, Wako Miyamoto, Vincent Léone"
120980,Nano Machine,Nano Machine,82,"Action, Adventure, Fantasy, Sci-Fi",2020,RELEASING,,,"Geobalhan, Gang-Bul-Goe Geum, Hanjung Worya, Alexandra Dickmann"
97701,Machida-kun no Sekai,,82,"Comedy, Drama, Romance, Slice of Life",2015,FINISHED,28.0,7.0,"Yuki Andou, Aline Kukor, Erwan Charlès"
87262,Re:Zero kara Hajimeru Isekai Seikatsu Ex,Re:ZERO -Starting Life in Another World- Ex,82,"Action, Drama, Fantasy, Romance",2015,RELEASING,,,"Tappei Nagatsuki, Shinichirou Ootsuka, Kevin Steinbach, Gabriela Takahashi"
55096,Gin no Saji,Silver Spoon,82,"Comedy, Drama, Slice of Life",2011,FINISHED,131.0,15.0,"Hiromu Arakawa, Amanda Haley, Edoardo Serino, Abigail Blackman, Marta Gallego, Ángel-Manuel Ybáñez, Nicole Ng, Troy Toh, Marcelo Del Greco"
53571,Sunny,Sunny,82,"Drama, Psychological, Slice of Life",2010,FINISHED,37.0,6.0,"Taiyou Matsumoto, Michael Arias, Thibaud Desbief, Arnaldo Oka, Olinda Cordukes, Martin Gericke"
36164,My Girl,,82,"Drama, Slice of Life",2006,FINISHED,44.0,5.0,"Sumomo Yumeka, Uri Valverde"
31414,SKET DANCE,,82,"Comedy, Drama",2007,FINISHED,288.0,32.0,"Kenta Shinohara, Yoshikazu Amami, Tanpopo Team, Mokey King, Trang Nguyễn"
31111,Buddha,Buddha,82,"Adventure, Comedy, Drama, Psychological, Supernatural",1972,FINISHED,69.0,14.0,"Osamu Tezuka, Maya Rosewood, Marc Bernabé, Drik Sada, Lilian Matsunaga, John Schmitt-Weigand, Verónica Calafell, Jacques Lalloz, Sylviane Guyader, Marcelo Del Greco"
30401,Kiseijuu,Parasyte,82,"Action, Drama, Horror, Psychological, Sci-Fi",1989,FINISHED,64.0,10.0,"Hitoshi Iwaaki, Marc Bernabé, Andrew Cunningham, Drik Sada, Burkhard Höfler, Monica Rossi, AnHD, Justyna Harasimiuk-Latoś, Cassius Medaur"
100932,2-ban Lee Hui-Su,Heesu in Class 2,82,Romance,2017,FINISHED,90.0,4.0,Lily
96019,Orokamonogatari,,82,"Comedy, Drama, Mystery, Supernatural",2015,FINISHED,44.0,1.0,"NISIOISIN, VOFAN"
